ID;Nome;CPF;Telefone;Valor_Divida;Dias_Atraso;Faixa_Atraso;Status;Valor_Pago;Operador;Data_Vencimento;Data_Pagamento
1;Priscila Araújo Neto;000.000.001-91;(81) 94657-3286;1017.27;24;0-30 dias;PAGO;1017.27;Beatriz K.;26/12/2025;29/11/2025
2;Osmar Pacheco;000.000.002-72;(85) 91106-3615;9576.68;23;0-30 dias;PENDENTE;0.0;Rafael T.;23/01/2025;
3;Célia Braga;000.000.003-53;(62) 92291-5803;1497.77;80;61-90 dias;PAGO;1497.77;Fernanda S.;14/07/2025;21/02/2025
4;Célia Braga;000.000.004-34;(98) 93664-7065;1462.03;82;61-90 dias;PENDENTE;0.0;Rafael T.;19/05/2025;
5;Percival Moura;000.000.005-15;(92) 91916-4752;412.52;32;31-60 dias;PENDENTE;0.0;Diego R.;26/11/2025;
6;Vanessa Teixeira;000.000.006-04;(81) 99830-5304;672.85;49;31-60 dias;PAGO;672.85;Rafael T.;23/03/2025;18/11/2025
7;Edna Guimarães;000.000.007-87;(62) 97252-8668;494.74;78;61-90 dias;PAGO;494.74;Ana Lima;21/08/2025;22/03/2025
8;Alexandre Melo;000.000.008-68;(61) 99317-2743;10746.33;51;31-60 dias;EM ATRASO;0.0;Fernanda S.;03/11/2025;
9;Graciele Sampaio Neto;000.000.009-49;(91) 94923-1949;1126.18;8;0-30 dias;PENDENTE;0.0;Carlos M.;09/10/2025;
10;Alexandre Melo;000.000.010-82;(67) 94470-9835;6030.12;83;61-90 dias;PAGO;6030.12;Ana Lima;23/06/2025;02/02/2025
11;Odete Cardoso;000.000.011-63;(81) 91117-2163;3982.57;23;0-30 dias;PENDENTE;0.0;Beatriz K.;06/01/2026;
12;Salvador Borba;000.000.012-44;(47) 97669-4119;7183.02;34;31-60 dias;PAGO;7183.02;Ana Lima;23/06/2025;08/01/2026
13;Wellington Moura;000.000.013-25;(65) 93296-7912;6848.13;122;90+ dias;PENDENTE;0.0;Ana Lima;08/01/2025;
14;Cristiane Azevedo;000.000.014-06;(47) 98886-4502;303.66;28;0-30 dias;QUEBRADO;119.1;Rafael T.;12/10/2025;
15;Graciele Sampaio;000.000.015-97;(91) 94566-1958;397.18;78;61-90 dias;EM ATRASO;0.0;Carlos M.;11/02/2025;
16;Camila Rodrigues;000.000.016-78;(81) 97615-2964;17922.43;68;61-90 dias;PAGO;17922.43;Carlos M.;10/06/2025;02/01/2026
17;Alexandre Melo;000.000.017-59;(91) 98491-6180;5377.96;30;0-30 dias;PAGO;5377.96;Carlos M.;05/02/2025;28/06/2025
18;Cleber Santana;000.000.018-30;(65) 99900-5956;1689.08;20;0-30 dias;PAGO;1689.08;Beatriz K.;16/01/2026;24/02/2025
19;Bruno Castro;000.000.019-10;(71) 96617-4335;8863.58;51;31-60 dias;PAGO;8863.58;Carlos M.;30/01/2026;20/06/2025
20;Alexandre Melo;000.000.020-54;(65) 98007-1158;1227.5;179;90+ dias;PAGO;1227.5;Fernanda S.;21/01/2025;06/04/2026
21;Aline Nunes;000.000.021-35;(41) 96794-7658;6864.63;121;90+ dias;PAGO;6864.63;Rafael T.;30/07/2025;22/04/2026
22;Wellington Moura;000.000.022-16;(41) 97267-1634;1082.52;116;90+ dias;PAGO;1082.52;Ana Lima;23/05/2025;18/06/2025
23;Rodrigo Machado;000.000.023-05;(48) 97548-9785;3592.8;11;0-30 dias;PAGO;3592.8;Ana Lima;19/09/2025;07/11/2025
24;Wanderley Queiroz;000.000.024-88;(71) 95173-1727;1215.37;157;90+ dias;PAGO;1215.37;Beatriz K.;19/06/2025;07/12/2025
25;Adriana Campos;000.000.025-69;(41) 95920-9308;2763.73;52;31-60 dias;EM ATRASO;0.0;Beatriz K.;12/11/2025;
26;Elaine Ramos;000.000.026-40;(11) 95978-5700;4650.72;86;61-90 dias;EM ATRASO;0.0;Carlos M.;12/01/2026;
27;Juliana Pereira;000.000.027-20;(92) 92530-4848;7903.62;22;0-30 dias;EM ATRASO;0.0;Carlos M.;22/10/2025;
28;Wanderley Queiroz;000.000.028-01;(81) 93417-1090;6824.66;88;61-90 dias;EM ATRASO;0.0;Diego R.;04/03/2025;
29;André Monteiro;000.000.029-92;(48) 96198-8251;4675.48;57;31-60 dias;NEGOCIANDO;2038.25;Beatriz K.;22/05/2025;
30;Graciele Sampaio;000.000.030-26;(85) 98206-2269;1818.15;40;31-60 dias;PAGO;1818.15;Fernanda S.;28/07/2025;01/08/2025
31;Murilo Bezerra;000.000.031-07;(21) 94388-7883;17786.74;165;90+ dias;PAGO;17786.74;Beatriz K.;03/08/2025;19/07/2025
32;Murilo Bezerra;000.000.032-98;(81) 98999-4595;20311.08;44;31-60 dias;EM ATRASO;0.0;Ana Lima;01/10/2025;
33;Edilene Carmo;000.000.033-79;(11) 92375-8022;944.48;5;0-30 dias;NEGOCIANDO;408.74;Ana Lima;10/05/2025;
34;Isaura Pires Jr.;000.000.034-50;(98) 94673-2124;2122.28;94;90+ dias;PENDENTE;0.0;Diego R.;22/04/2025;
35;Sandra Cunha;000.000.035-30;(61) 92876-3683;1278.85;94;90+ dias;PENDENTE;0.0;Carlos M.;18/11/2025;
36;Mateus Gomes;000.000.036-11;(91) 92983-1672;1160.13;48;31-60 dias;EM ATRASO;0.0;Diego R.;22/11/2025;
37;Bruno Castro;000.000.037-00;(48) 95425-9817;1307.21;146;90+ dias;PENDENTE;0.0;Diego R.;20/01/2026;
38;Quesia Dantas;000.000.038-83;(62) 96511-1470;12754.19;58;31-60 dias;PENDENTE;0.0;Carlos M.;22/09/2025;
39;Juliana Pereira;000.000.039-64;(67) 99004-4937;3765.41;46;31-60 dias;PENDENTE;0.0;Beatriz K.;11/10/2025;
40;Letícia Vilaça;000.000.040-06;(92) 96764-8434;627.39;9;0-30 dias;PAGO;627.39;Rafael T.;22/05/2025;05/09/2025
41;Jailson Cavalcante;000.000.041-89;(41) 94180-5853;3645.87;8;0-30 dias;PAGO;3645.87;Diego R.;21/01/2026;21/03/2026
42;Mateus Gomes;000.000.042-60;(91) 98690-8843;2684.52;41;31-60 dias;QUEBRADO;431.38;Fernanda S.;16/10/2025;
43;Juliana Pereira;000.000.043-40;(41) 97818-4697;805.5;148;90+ dias;EM ATRASO;0.0;Carlos M.;20/02/2025;
44;Renato Vieira;000.000.044-21;(31) 93573-4929;5562.87;6;0-30 dias;QUEBRADO;1566.57;Carlos M.;18/12/2025;
45;Alexandre Melo;000.000.045-02;(71) 97965-2880;2428.46;110;90+ dias;PENDENTE;0.0;Diego R.;28/05/2025;
46;Felipe Barros;000.000.046-93;(91) 97594-5460;367.76;17;0-30 dias;EM ATRASO;0.0;Beatriz K.;22/10/2025;
47;Fernanda Lima;000.000.047-74;(85) 91659-3870;608.53;147;90+ dias;PAGO;608.53;Rafael T.;14/06/2025;20/06/2025
48;Mateus Gomes;000.000.048-55;(92) 97744-9117;9970.67;10;0-30 dias;NEGOCIANDO;1001.66;Diego R.;05/10/2025;
49;Neusa Farias Neto;000.000.049-36;(47) 98242-1845;6189.5;107;90+ dias;PAGO;6189.5;Beatriz K.;09/06/2025;23/03/2025
50;Carlos Eduardo Santos;000.000.050-70;(31) 94681-2858;54215.34;34;31-60 dias;PAGO;54215.34;Diego R.;16/03/2025;10/10/2025
51;Simone Correia;000.000.051-50;(48) 93236-2143;8043.61;55;31-60 dias;PENDENTE;0.0;Diego R.;04/12/2025;
52;Bruno Castro;000.000.052-31;(47) 96654-6446;847.02;55;31-60 dias;NEGOCIANDO;99.49;Diego R.;17/01/2026;
53;Joelma Reis;000.000.053-12;(51) 99115-1606;4641.84;133;90+ dias;PENDENTE;0.0;Carlos M.;02/12/2025;
54;Lucas Martins;000.000.054-01;(85) 96546-7512;4280.06;133;90+ dias;EM ATRASO;0.0;Beatriz K.;19/01/2025;
55;Camila Rodrigues;000.000.055-84;(91) 94727-2480;470.86;85;61-90 dias;PAGO;470.86;Diego R.;11/07/2025;03/07/2025
56;Vanessa Teixeira;000.000.056-65;(67) 93950-3785;709.41;80;61-90 dias;PAGO;709.41;Fernanda S.;27/08/2025;05/01/2025
57;Murilo Bezerra;000.000.057-46;(65) 96661-5901;813.61;44;31-60 dias;PENDENTE;0.0;Rafael T.;01/06/2025;
58;Sérgio Figueiredo;000.000.058-27;(85) 91132-1803;1834.99;154;90+ dias;PAGO;1834.99;Rafael T.;14/12/2025;09/05/2025
59;André Monteiro;000.000.059-08;(21) 96061-8222;6484.89;2;0-30 dias;EM ATRASO;0.0;Beatriz K.;29/09/2025;
60;Débora Cavalcante;000.000.060-41;(85) 98894-5835;6524.91;58;31-60 dias;PENDENTE;0.0;Fernanda S.;13/10/2025;
61;Thiago Nascimento;000.000.061-22;(11) 95332-9791;4286.15;72;61-90 dias;PENDENTE;0.0;Beatriz K.;14/11/2025;
62;Gustavo Borges;000.000.062-03;(81) 92035-8606;537.62;53;31-60 dias;EM ATRASO;0.0;Diego R.;11/03/2025;
63;Célia Braga;000.000.063-94;(67) 93531-7797;1896.39;87;61-90 dias;PAGO;1896.39;Rafael T.;20/02/2025;05/07/2025
64;Cleber Santana;000.000.064-75;(98) 91992-7523;660.58;9;0-30 dias;EM ATRASO;0.0;Carlos M.;17/10/2025;
65;Camila Rodrigues;000.000.065-56;(71) 94538-4817;1759.29;11;0-30 dias;QUEBRADO;194.07;Fernanda S.;08/01/2025;
66;Cristiane Azevedo;000.000.066-37;(11) 93854-5347;1567.63;35;31-60 dias;PENDENTE;0.0;Ana Lima;11/11/2025;
67;Ivone Brito;000.000.067-18;(11) 91996-8847;1511.08;28;0-30 dias;PAGO;1511.08;Beatriz K.;21/11/2025;16/11/2025
68;Odete Cardoso;000.000.068-07;(62) 99692-5831;7116.76;15;0-30 dias;PAGO;7116.76;Diego R.;27/04/2025;20/08/2025
69;Marcelo Duarte;000.000.069-80;(62) 97815-2557;1921.11;44;31-60 dias;PENDENTE;0.0;Rafael T.;17/01/2026;
70;Cleber Santana;000.000.070-13;(21) 96400-3002;1018.99;176;90+ dias;PAGO;1018.99;Carlos M.;19/04/2025;17/09/2025
71;Ermando Leite;000.000.071-02;(41) 96736-7022;5365.79;4;0-30 dias;PENDENTE;0.0;Rafael T.;08/11/2025;
72;Débora Cavalcante Neto;000.000.072-85;(91) 96567-6751;2851.25;88;61-90 dias;PAGO;2851.25;Fernanda S.;21/08/2025;03/08/2025
73;Natália Mendes;000.000.073-66;(92) 92391-1861;438.69;5;0-30 dias;PAGO;438.69;Fernanda S.;28/02/2025;20/09/2025
74;Nilton Vasconcelos;000.000.074-47;(48) 96053-1744;812.41;8;0-30 dias;PAGO;812.41;Carlos M.;09/08/2025;18/01/2026
75;Gabriela Ribeiro;000.000.075-28;(81) 99196-6802;1081.58;43;31-60 dias;PENDENTE;0.0;Ana Lima;29/05/2025;
76;Gilson Fontes Neto;000.000.076-09;(61) 98538-6928;1301.08;3;0-30 dias;PAGO;1301.08;Beatriz K.;09/02/2025;28/03/2025
77;Priscila Araújo;000.000.077-90;(71) 96724-6752;3183.63;24;0-30 dias;PAGO;3183.63;Diego R.;18/11/2025;31/01/2026
78;Valdeci Nogueira;000.000.078-70;(65) 96295-6179;814.79;45;31-60 dias;PENDENTE;0.0;Fernanda S.;30/01/2025;
79;Claudia Andrade Jr.;000.000.079-51;(48) 97299-8581;1676.69;48;31-60 dias;PAGO;1676.69;Rafael T.;25/06/2025;22/02/2025
80;Juliana Pereira;000.000.080-95;(61) 91641-5059;569.87;45;31-60 dias;PENDENTE;0.0;Rafael T.;20/11/2025;
81;Cíntia Barbosa Jr.;000.000.081-76;(62) 95655-5128;37243.73;168;90+ dias;QUEBRADO;9563.56;Rafael T.;01/11/2025;
82;Juliana Pereira;000.000.082-57;(62) 96381-3093;458.87;178;90+ dias;EM ATRASO;0.0;Diego R.;24/06/2025;
83;Simone Correia;000.000.083-38;(51) 93538-2264;16951.04;58;31-60 dias;PENDENTE;0.0;Diego R.;02/11/2025;
84;Bruno Castro;000.000.084-19;(61) 98170-1715;1338.01;121;90+ dias;EM ATRASO;0.0;Carlos M.;29/08/2025;
85;Cleber Santana;000.000.085-08;(65) 98564-5616;575.5;43;31-60 dias;PENDENTE;0.0;Beatriz K.;10/07/2025;
86;Mateus Gomes;000.000.086-80;(48) 93042-5670;9559.13;55;31-60 dias;EM ATRASO;0.0;Diego R.;14/01/2025;
87;Beatriz Almeida;000.000.087-61;(98) 94862-7326;468.44;42;31-60 dias;EM ATRASO;0.0;Rafael T.;30/08/2025;
88;André Monteiro;000.000.088-42;(47) 98349-1086;7641.36;29;0-30 dias;PAGO;7641.36;Carlos M.;25/01/2025;04/03/2025
89;Osmar Pacheco;000.000.089-23;(65) 92029-2816;1374.32;59;31-60 dias;PENDENTE;0.0;Diego R.;20/10/2025;
90;Leandro Pinto;000.000.090-67;(31) 99576-6908;1162.96;78;61-90 dias;PENDENTE;0.0;Ana Lima;18/01/2026;
91;Eronildo Bezerra;000.000.091-48;(98) 94950-2698;4031.28;25;0-30 dias;EM ATRASO;0.0;Rafael T.;03/09/2025;
92;Leandro Pinto;000.000.092-29;(31) 98498-1605;3860.46;116;90+ dias;PAGO;3860.46;Fernanda S.;08/04/2025;28/11/2025
93;Eronildo Bezerra;000.000.093-00;(21) 96438-5476;7367.82;146;90+ dias;PENDENTE;0.0;Fernanda S.;23/09/2025;
94;Juliana Pereira;000.000.094-90;(31) 98055-3956;3838.98;18;0-30 dias;PENDENTE;0.0;Rafael T.;22/01/2025;
95;Eronildo Bezerra;000.000.095-71;(67) 95498-1939;6076.46;52;31-60 dias;NEGOCIANDO;692.23;Carlos M.;04/02/2025;
96;Rosangela Tavares;000.000.096-52;(21) 93513-8371;1200.08;75;61-90 dias;QUEBRADO;359.57;Beatriz K.;18/07/2025;
97;Felipe Barros;000.000.097-33;(85) 98311-4515;49967.95;20;0-30 dias;NEGOCIANDO;24335.62;Rafael T.;13/06/2025;
98;Letícia Vilaça;000.000.098-14;(91) 95914-3580;1649.28;90;61-90 dias;NEGOCIANDO;182.27;Beatriz K.;11/10/2025;
99;Cleber Santana;000.000.099-03;(51) 92412-2077;6940.04;43;31-60 dias;PENDENTE;0.0;Beatriz K.;15/12/2025;
100;Letícia Vilaça Filho;000.000.100-73;(51) 98088-9238;23890.54;58;31-60 dias;PENDENTE;0.0;Ana Lima;26/05/2025;
101;Sandra Cunha;000.000.101-54;(85) 93050-5961;10910.41;63;61-90 dias;PAGO;10910.41;Ana Lima;16/10/2025;19/04/2026
102;João Pedro Oliveira Neto;000.000.102-35;(71) 97825-1496;1926.31;59;31-60 dias;PAGO;1926.31;Diego R.;22/03/2025;31/01/2025
103;Osmar Pacheco;000.000.103-16;(71) 96573-3353;7852.24;83;61-90 dias;PAGO;7852.24;Fernanda S.;04/03/2025;27/08/2025
104;Elias Medeiros;000.000.104-05;(41) 91829-5754;1771.02;13;0-30 dias;NEGOCIANDO;530.08;Diego R.;21/09/2025;
105;Aurélio Bastos;000.000.105-88;(47) 91379-2475;2303.24;13;0-30 dias;PENDENTE;0.0;Ana Lima;02/10/2025;
106;Mateus Gomes;000.000.106-69;(85) 96992-7606;5319.34;73;61-90 dias;PAGO;5319.34;Beatriz K.;15/12/2025;16/11/2025
107;Felipe Barros Jr.;000.000.107-40;(62) 97114-6555;1165.51;18;0-30 dias;PENDENTE;0.0;Carlos M.;22/08/2025;
108;Humberto Rezende Neto;000.000.108-20;(61) 97438-5902;3798.74;41;31-60 dias;EM ATRASO;0.0;Fernanda S.;26/10/2025;
109;João Pedro Oliveira;000.000.109-01;(85) 94728-1841;1353.55;66;61-90 dias;EM ATRASO;0.0;Carlos M.;26/02/2025;
110;Fernanda Lima;000.000.110-45;(67) 93481-7765;1864.89;74;61-90 dias;PAGO;1864.89;Diego R.;06/12/2025;16/06/2025
111;Jailson Cavalcante;000.000.111-26;(61) 98531-9734;1525.57;72;61-90 dias;PAGO;1525.57;Carlos M.;02/06/2025;13/10/2025
112;Elaine Ramos;000.000.112-07;(71) 99011-6194;1274.91;42;31-60 dias;NEGOCIANDO;202.19;Fernanda S.;22/01/2025;
113;Juliana Pereira;000.000.113-98;(65) 95201-8849;1255.43;37;31-60 dias;PAGO;1255.43;Carlos M.;29/09/2025;09/04/2026
114;Marcos Rocha;000.000.114-79;(92) 98739-2647;2947.65;91;90+ dias;QUEBRADO;1186.03;Fernanda S.;28/05/2025;
115;Claudia Andrade;000.000.115-50;(31) 94804-9767;57187.22;95;90+ dias;PENDENTE;0.0;Carlos M.;11/09/2025;
116;Sérgio Figueiredo;000.000.116-30;(11) 95888-2758;4963.47;149;90+ dias;PAGO;4963.47;Carlos M.;19/06/2025;27/02/2025
117;Célia Braga;000.000.117-11;(61) 91230-6523;7136.88;79;61-90 dias;PAGO;7136.88;Carlos M.;18/02/2025;09/12/2025
118;André Monteiro;000.000.118-00;(81) 91111-5272;6337.3;125;90+ dias;PAGO;6337.3;Fernanda S.;27/08/2025;02/03/2025
119;Natália Mendes;000.000.119-83;(48) 96095-2923;2801.41;70;61-90 dias;PENDENTE;0.0;Diego R.;09/10/2025;
120;Lurdes Xavier;000.000.120-17;(71) 95054-2341;2370.55;17;0-30 dias;PAGO;2370.55;Diego R.;24/09/2025;17/06/2025
121;Priscila Araújo;000.000.121-06;(47) 92489-9361;1006.22;15;0-30 dias;PAGO;1006.22;Rafael T.;02/01/2025;11/05/2025
122;Renato Vieira;000.000.122-89;(21) 97941-6644;7602.65;98;90+ dias;NEGOCIANDO;3735.44;Diego R.;27/11/2025;
123;Cleber Santana;000.000.123-60;(62) 98348-7184;526.08;175;90+ dias;PAGO;526.08;Ana Lima;02/01/2025;25/04/2025
124;Elaine Ramos;000.000.124-40;(67) 99715-7214;20325.41;38;31-60 dias;PENDENTE;0.0;Ana Lima;28/01/2026;
125;Cristiane Azevedo;000.000.125-21;(41) 91550-8314;4633.78;20;0-30 dias;PAGO;4633.78;Rafael T.;30/04/2025;29/05/2025
126;Salvador Borba;000.000.126-02;(92) 94881-5944;24124.84;29;0-30 dias;PENDENTE;0.0;Beatriz K.;07/08/2025;
127;Aurélio Bastos Neto;000.000.127-93;(62) 99592-6222;12096.46;44;31-60 dias;PAGO;12096.46;Beatriz K.;30/01/2025;26/08/2025
128;Neusa Farias;000.000.128-74;(48) 93196-7363;1867.78;67;61-90 dias;PAGO;1867.78;Beatriz K.;06/11/2025;11/12/2025
129;Rafael Souza;000.000.129-55;(71) 94555-8854;3270.85;58;31-60 dias;NEGOCIANDO;1523.49;Beatriz K.;23/12/2025;
130;Aline Nunes;000.000.130-99;(81) 96269-5637;28451.29;45;31-60 dias;PENDENTE;0.0;Carlos M.;13/06/2025;
131;Cleber Santana;000.000.131-70;(21) 94625-3390;13607.71;78;61-90 dias;PENDENTE;0.0;Rafael T.;02/12/2025;
132;Marcelo Duarte;000.000.132-50;(47) 99037-8550;4929.9;6;0-30 dias;PAGO;4929.9;Rafael T.;08/02/2025;18/01/2025
133;Beatriz Almeida;000.000.133-31;(67) 93252-4791;18841.39;3;0-30 dias;QUEBRADO;2002.7;Beatriz K.;30/09/2025;
134;Neusa Farias Neto;000.000.134-12;(91) 91280-9228;1846.61;146;90+ dias;PENDENTE;0.0;Fernanda S.;01/07/2025;
135;Edilene Carmo;000.000.135-01;(65) 94984-4700;6557.52;87;61-90 dias;PAGO;6557.52;Carlos M.;26/12/2025;05/01/2025
136;Juliana Pereira;000.000.136-84;(67) 96427-2562;17635.33;29;0-30 dias;QUEBRADO;3741.32;Beatriz K.;06/10/2025;
137;Mariana Costa;000.000.137-65;(92) 91256-4394;5383.75;141;90+ dias;PENDENTE;0.0;Rafael T.;16/07/2025;
138;André Monteiro;000.000.138-46;(31) 99204-6666;6614.03;120;90+ dias;PAGO;6614.03;Diego R.;19/08/2025;20/05/2025
139;Marcos Rocha;000.000.139-27;(62) 98075-4043;1351.65;22;0-30 dias;QUEBRADO;477.89;Diego R.;14/01/2026;
140;Adriana Campos;000.000.140-60;(31) 91085-6050;448.41;15;0-30 dias;PAGO;448.41;Beatriz K.;17/02/2025;11/10/2025
141;Gustavo Borges;000.000.141-41;(11) 95781-7779;1962.89;162;90+ dias;PAGO;1962.89;Ana Lima;16/03/2025;10/09/2025
142;Rogério Freitas;000.000.142-22;(67) 95911-8933;1525.53;123;90+ dias;PAGO;1525.53;Beatriz K.;20/06/2025;22/07/2025
143;Joelma Reis;000.000.143-03;(92) 98212-6484;531.41;174;90+ dias;EM ATRASO;0.0;Fernanda S.;13/06/2025;
144;Graciele Sampaio;000.000.144-94;(81) 96339-7161;3198.8;57;31-60 dias;PAGO;3198.8;Rafael T.;25/08/2025;08/01/2026
145;Aline Nunes;000.000.145-75;(91) 92133-7703;729.56;46;31-60 dias;PENDENTE;0.0;Diego R.;26/10/2025;
146;Lurdes Xavier;000.000.146-56;(67) 99907-1602;1854.48;83;61-90 dias;PENDENTE;0.0;Rafael T.;16/10/2025;
147;Gilson Fontes;000.000.147-37;(92) 98052-2735;1181.96;34;31-60 dias;NEGOCIANDO;396.47;Carlos M.;14/09/2025;
148;Letícia Vilaça;000.000.148-18;(47) 92712-5840;4089.97;105;90+ dias;PAGO;4089.97;Rafael T.;13/08/2025;19/02/2025
149;Elias Medeiros;000.000.149-07;(91) 91732-2885;7579.53;1;0-30 dias;PAGO;7579.53;Carlos M.;25/08/2025;07/08/2025
150;Gilson Fontes;000.000.150-32;(61) 98080-7481;2026.7;54;31-60 dias;NEGOCIANDO;670.71;Carlos M.;02/10/2025;
151;Rosangela Tavares;000.000.151-13;(65) 92867-5298;832.79;158;90+ dias;PENDENTE;0.0;Rafael T.;30/03/2025;
152;Elaine Ramos;000.000.152-02;(31) 93194-6131;1478.84;4;0-30 dias;PAGO;1478.84;Rafael T.;03/10/2025;22/11/2025
153;Tatiane Cardoso;000.000.153-85;(47) 95732-3298;1771.39;87;61-90 dias;PENDENTE;0.0;Diego R.;01/12/2025;
154;Neusa Farias;000.000.154-66;(67) 98272-9006;2196.17;79;61-90 dias;PENDENTE;0.0;Diego R.;31/01/2026;
155;Odete Cardoso;000.000.155-47;(41) 95389-9898;3311.25;78;61-90 dias;PAGO;3311.25;Diego R.;17/01/2025;24/03/2026
156;Alexandre Melo;000.000.156-28;(31) 98193-2923;1299.47;117;90+ dias;PAGO;1299.47;Ana Lima;16/04/2025;16/04/2025
157;Quesia Dantas;000.000.157-09;(85) 99827-3758;1919.08;70;61-90 dias;NEGOCIANDO;507.86;Fernanda S.;31/01/2025;
158;Gabriela Ribeiro;000.000.158-90;(51) 95090-3396;1449.6;87;61-90 dias;PENDENTE;0.0;Ana Lima;21/11/2025;
159;Gilson Fontes;000.000.159-70;(85) 97046-8449;2558.85;91;90+ dias;NEGOCIANDO;1070.29;Carlos M.;23/07/2025;
160;Edna Guimarães;000.000.160-04;(47) 95399-6289;1262.44;71;61-90 dias;PAGO;1262.44;Ana Lima;24/08/2025;06/02/2026
161;Felipe Barros;000.000.161-95;(61) 98230-8479;1799.65;179;90+ dias;PENDENTE;0.0;Fernanda S.;12/02/2025;
162;Rogério Freitas Neto;000.000.162-76;(81) 98032-2494;3357.15;34;31-60 dias;NEGOCIANDO;1662.67;Rafael T.;05/08/2025;
163;Gabriela Ribeiro;000.000.163-57;(81) 97276-2463;1797.68;56;31-60 dias;EM ATRASO;0.0;Ana Lima;15/03/2025;
164;Jailson Cavalcante;000.000.164-38;(61) 98210-6753;1347.33;110;90+ dias;PAGO;1347.33;Fernanda S.;16/07/2025;09/01/2026
165;Edna Guimarães;000.000.165-19;(51) 95059-5537;24001.75;68;61-90 dias;EM ATRASO;0.0;Beatriz K.;16/04/2025;
166;Humberto Rezende;000.000.166-08;(62) 95842-1894;43490.03;59;31-60 dias;EM ATRASO;0.0;Carlos M.;12/06/2025;
167;Wanderley Queiroz;000.000.167-80;(67) 96986-9951;1609.62;151;90+ dias;PAGO;1609.62;Beatriz K.;23/07/2025;09/02/2026
168;Claudia Andrade;000.000.168-61;(48) 97806-7939;1347.28;43;31-60 dias;NEGOCIANDO;423.8;Beatriz K.;20/07/2025;
169;Camila Rodrigues;000.000.169-42;(67) 94909-1948;1340.9;8;0-30 dias;PAGO;1340.9;Ana Lima;26/12/2025;12/03/2025
170;Natália Mendes;000.000.170-86;(98) 99568-9474;6686.74;26;0-30 dias;PAGO;6686.74;Fernanda S.;08/08/2025;18/02/2026
171;Jailson Cavalcante Jr.;000.000.171-67;(47) 98457-9368;567.43;12;0-30 dias;QUEBRADO;57.33;Carlos M.;07/01/2025;
172;Rafael Souza;000.000.172-48;(62) 93458-3932;11816.76;161;90+ dias;PAGO;11816.76;Beatriz K.;09/02/2025;27/02/2026
173;Cleber Santana Jr.;000.000.173-29;(61) 94656-9450;1615.0;150;90+ dias;PAGO;1615.0;Rafael T.;05/06/2025;06/02/2026
174;Wellington Moura;000.000.174-00;(47) 94201-9954;13889.2;25;0-30 dias;EM ATRASO;0.0;Rafael T.;01/01/2025;
175;Joelma Reis;000.000.175-90;(91) 92703-4361;1953.35;153;90+ dias;NEGOCIANDO;518.07;Diego R.;10/07/2025;
176;Juliana Pereira;000.000.176-71;(48) 93187-7461;12436.85;49;31-60 dias;QUEBRADO;4901.87;Diego R.;12/06/2025;
177;Débora Cavalcante;000.000.177-52;(71) 93230-2785;991.07;34;31-60 dias;PAGO;991.07;Carlos M.;16/02/2025;03/03/2025
178;Elaine Ramos;000.000.178-33;(21) 94522-6370;973.62;122;90+ dias;EM ATRASO;0.0;Beatriz K.;20/08/2025;
179;Odete Cardoso;000.000.179-14;(65) 92669-3290;4233.44;4;0-30 dias;PAGO;4233.44;Ana Lima;08/02/2025;21/02/2026
180;Camila Rodrigues;000.000.180-58;(65) 93110-2506;2303.83;29;0-30 dias;PENDENTE;0.0;Rafael T.;15/07/2025;
181;Edna Guimarães;000.000.181-39;(71) 94066-5505;3474.71;9;0-30 dias;PAGO;3474.71;Carlos M.;16/07/2025;24/05/2025
182;Osmar Pacheco;000.000.182-10;(48) 95082-9907;1628.44;31;31-60 dias;PAGO;1628.44;Ana Lima;23/04/2025;02/11/2025
183;Rodrigo Machado;000.000.183-09;(48) 96856-4813;20530.02;6;0-30 dias;PENDENTE;0.0;Fernanda S.;18/07/2025;
184;Tatiane Cardoso;000.000.184-81;(92) 96878-1462;3129.4;72;61-90 dias;PAGO;3129.4;Ana Lima;20/01/2025;09/09/2025
185;Diego Ferreira;000.000.185-62;(81) 91326-9625;521.83;16;0-30 dias;PAGO;521.83;Carlos M.;27/12/2025;28/10/2025
186;Priscila Araújo;000.000.186-43;(98) 92188-7120;2818.71;23;0-30 dias;EM ATRASO;0.0;Fernanda S.;29/11/2025;
187;Tatiane Cardoso;000.000.187-24;(98) 94657-3872;19934.14;40;31-60 dias;NEGOCIANDO;6518.33;Beatriz K.;04/04/2025;
188;Adriana Campos;000.000.188-05;(81) 92705-9129;3007.32;5;0-30 dias;PENDENTE;0.0;Diego R.;21/06/2025;
189;Carlos Eduardo Santos;000.000.189-96;(81) 92110-6742;10827.75;9;0-30 dias;PENDENTE;0.0;Ana Lima;12/07/2025;
190;Ermando Leite;000.000.190-20;(81) 93664-8393;841.82;56;31-60 dias;QUEBRADO;268.39;Fernanda S.;17/02/2025;
191;Ermando Leite;000.000.191-00;(67) 93703-8113;622.97;6;0-30 dias;PAGO;622.97;Ana Lima;19/02/2025;02/05/2025
192;Edilene Carmo;000.000.192-91;(47) 93516-1893;1425.43;31;31-60 dias;PAGO;1425.43;Ana Lima;31/08/2025;11/02/2025
193;Paulo Henrique Lima;000.000.193-72;(47) 99013-5341;4216.41;3;0-30 dias;PAGO;4216.41;Ana Lima;16/10/2025;18/05/2025
194;Bruno Castro;000.000.194-53;(41) 92404-6632;4322.64;26;0-30 dias;EM ATRASO;0.0;Carlos M.;21/10/2025;
195;Isaura Pires;000.000.195-34;(62) 91568-9226;31050.76;77;61-90 dias;EM ATRASO;0.0;Carlos M.;09/04/2025;
196;Rafael Souza;000.000.196-15;(67) 94308-3422;1854.1;131;90+ dias;PAGO;1854.1;Rafael T.;07/01/2025;23/08/2025
197;Ivone Brito;000.000.197-04;(41) 97790-3451;1897.4;79;61-90 dias;PENDENTE;0.0;Diego R.;26/06/2025;
198;Alexandre Melo;000.000.198-87;(47) 98750-1613;4410.32;73;61-90 dias;PAGO;4410.32;Fernanda S.;18/05/2025;01/09/2025
199;Fernanda Lima;000.000.199-68;(91) 96094-5593;3367.74;88;61-90 dias;PAGO;3367.74;Beatriz K.;02/08/2025;09/01/2026
200;Thiago Nascimento;000.000.200-36;(71) 97671-8937;1175.96;138;90+ dias;NEGOCIANDO;531.22;Carlos M.;15/01/2025;
201;Simone Correia;000.000.201-17;(71) 91944-5087;765.76;62;61-90 dias;PAGO;765.76;Beatriz K.;08/09/2025;10/07/2025
202;Elias Medeiros;000.000.202-06;(47) 96730-6640;3710.42;89;61-90 dias;EM ATRASO;0.0;Rafael T.;24/04/2025;
203;Patrícia Lopes;000.000.203-89;(85) 97709-9409;1849.58;1;0-30 dias;NEGOCIANDO;410.95;Rafael T.;30/12/2025;
204;Rodrigo Machado;000.000.204-60;(62) 96713-8520;4382.92;75;61-90 dias;NEGOCIANDO;1094.38;Beatriz K.;28/11/2025;
205;Claudia Andrade;000.000.205-40;(41) 98892-2045;743.95;132;90+ dias;NEGOCIANDO;342.12;Diego R.;04/11/2025;
206;Adriana Campos;000.000.206-21;(11) 99148-5843;6248.41;60;31-60 dias;PAGO;6248.41;Diego R.;23/11/2025;01/10/2025
207;Eronildo Bezerra;000.000.207-02;(61) 93967-5813;7475.75;65;61-90 dias;PAGO;7475.75;Fernanda S.;17/01/2026;25/04/2025
208;Osmar Pacheco;000.000.208-93;(92) 97089-5269;24053.12;40;31-60 dias;PENDENTE;0.0;Diego R.;15/12/2025;
209;Jailson Cavalcante;000.000.209-74;(21) 93470-3250;1977.3;163;90+ dias;PAGO;1977.3;Rafael T.;10/06/2025;01/04/2025
210;Diego Ferreira Neto;000.000.210-08;(71) 93762-3595;1037.31;16;0-30 dias;PENDENTE;0.0;Fernanda S.;10/01/2026;
211;Carlos Eduardo Santos;000.000.211-99;(48) 94122-1293;1790.87;22;0-30 dias;PAGO;1790.87;Fernanda S.;02/06/2025;24/01/2025
212;Célia Braga;000.000.212-70;(48) 96535-8105;10803.02;134;90+ dias;PAGO;10803.02;Carlos M.;08/01/2026;25/04/2025
213;Renato Vieira;000.000.213-50;(48) 93768-3017;1388.55;53;31-60 dias;PAGO;1388.55;Ana Lima;11/01/2025;05/03/2026
214;Priscila Araújo;000.000.214-31;(62) 93024-9966;2055.83;9;0-30 dias;PENDENTE;0.0;Carlos M.;25/12/2025;
215;Osmar Pacheco;000.000.215-12;(41) 99381-2928;1335.3;34;31-60 dias;PENDENTE;0.0;Ana Lima;24/03/2025;
216;Odete Cardoso;000.000.216-01;(71) 98875-6416;5444.92;8;0-30 dias;PAGO;5444.92;Fernanda S.;21/02/2025;06/01/2026
217;Marcos Rocha;000.000.217-84;(91) 95327-8606;1748.82;113;90+ dias;NEGOCIANDO;797.67;Carlos M.;05/01/2025;
218;Rogério Freitas;000.000.218-65;(65) 95395-2522;4739.23;12;0-30 dias;PENDENTE;0.0;Ana Lima;27/03/2025;
219;Gabriela Ribeiro;000.000.219-46;(21) 93611-2699;1453.27;152;90+ dias;QUEBRADO;632.77;Diego R.;08/03/2025;
220;Graciele Sampaio;000.000.220-80;(65) 91753-2037;44775.43;71;61-90 dias;QUEBRADO;10536.57;Rafael T.;25/09/2025;
221;Larissa Carvalho;000.000.221-60;(81) 98895-6664;18419.54;22;0-30 dias;PENDENTE;0.0;Diego R.;29/08/2025;
222;Rogério Freitas;000.000.222-41;(92) 94946-6421;6902.62;77;61-90 dias;PAGO;6902.62;Fernanda S.;17/08/2025;13/09/2025
223;Felipe Barros;000.000.223-22;(11) 92681-7609;5625.22;14;0-30 dias;PAGO;5625.22;Fernanda S.;22/08/2025;10/12/2025
224;Rosangela Tavares;000.000.224-03;(81) 98445-6439;1417.18;55;31-60 dias;PAGO;1417.18;Fernanda S.;21/11/2025;01/03/2026
225;Odete Cardoso;000.000.225-94;(41) 91750-3689;3125.26;16;0-30 dias;NEGOCIANDO;1208.59;Diego R.;25/02/2025;
226;Rafael Souza;000.000.226-75;(41) 98381-8493;6417.28;108;90+ dias;EM ATRASO;0.0;Carlos M.;04/02/2026;
227;Tatiane Cardoso;000.000.227-56;(51) 92696-7347;953.93;50;31-60 dias;EM ATRASO;0.0;Diego R.;31/05/2025;
228;André Monteiro Neto;000.000.228-37;(92) 94560-4291;1866.03;83;61-90 dias;PENDENTE;0.0;Fernanda S.;23/11/2025;
229;Priscila Araújo;000.000.229-18;(47) 97839-9747;1188.64;145;90+ dias;NEGOCIANDO;195.38;Rafael T.;27/05/2025;
230;Sandra Cunha Jr.;000.000.230-51;(91) 94342-9866;6436.95;2;0-30 dias;PAGO;6436.95;Fernanda S.;23/12/2025;06/02/2026
231;Beatriz Almeida;000.000.231-32;(62) 97825-6122;7162.67;18;0-30 dias;QUEBRADO;1769.87;Beatriz K.;29/10/2025;
232;Fábio Moreira;000.000.232-13;(71) 95819-8353;1549.64;114;90+ dias;PAGO;1549.64;Ana Lima;11/05/2025;10/03/2026
233;Cíntia Barbosa;000.000.233-02;(51) 91654-3518;7058.84;80;61-90 dias;PAGO;7058.84;Beatriz K.;12/06/2025;29/12/2025
234;Patrícia Lopes;000.000.234-85;(48) 92117-9276;893.99;44;31-60 dias;EM ATRASO;0.0;Beatriz K.;13/11/2025;
235;Isaura Pires;000.000.235-66;(11) 92879-6668;19603.37;89;61-90 dias;EM ATRASO;0.0;Fernanda S.;17/07/2025;
236;Murilo Bezerra;000.000.236-47;(11) 99468-7143;803.94;56;31-60 dias;EM ATRASO;0.0;Beatriz K.;31/01/2026;
237;Lurdes Xavier Jr.;000.000.237-28;(71) 94492-7950;1793.68;159;90+ dias;QUEBRADO;196.41;Fernanda S.;03/01/2026;
238;Mariana Costa Jr.;000.000.238-09;(61) 95127-2154;1066.91;57;31-60 dias;PAGO;1066.91;Ana Lima;13/11/2025;04/01/2026
239;Rafael Souza;000.000.239-90;(31) 96860-9238;6591.65;40;31-60 dias;PENDENTE;0.0;Carlos M.;01/10/2025;
240;André Monteiro;000.000.240-23;(91) 93360-5883;1914.09;59;31-60 dias;PENDENTE;0.0;Beatriz K.;03/10/2025;
241;Juliana Pereira;000.000.241-04;(98) 94469-7760;5701.31;29;0-30 dias;PENDENTE;0.0;Beatriz K.;28/01/2025;
242;Valdeci Nogueira;000.000.242-95;(31) 95762-2103;2769.29;34;31-60 dias;EM ATRASO;0.0;Diego R.;12/06/2025;
243;Elias Medeiros;000.000.243-76;(91) 93496-6971;20576.88;26;0-30 dias;PAGO;20576.88;Diego R.;19/06/2025;11/01/2026
244;Valdeci Nogueira;000.000.244-57;(91) 98978-2783;17156.51;101;90+ dias;PAGO;17156.51;Beatriz K.;10/01/2025;08/02/2025
245;João Pedro Oliveira;000.000.245-38;(62) 94485-1600;4194.91;39;31-60 dias;PAGO;4194.91;Beatriz K.;14/09/2025;26/08/2025
246;Thiago Nascimento;000.000.246-19;(48) 91173-4913;4677.32;28;0-30 dias;EM ATRASO;0.0;Rafael T.;12/01/2026;
247;Ermando Leite;000.000.247-08;(21) 94585-8989;21454.83;8;0-30 dias;EM ATRASO;0.0;Rafael T.;21/01/2025;
248;Gustavo Borges Neto;000.000.248-80;(85) 99918-3848;1826.99;73;61-90 dias;PENDENTE;0.0;Diego R.;26/06/2025;
249;Ermando Leite;000.000.249-61;(11) 99222-3276;10675.07;36;31-60 dias;QUEBRADO;2837.92;Rafael T.;19/06/2025;
250;Priscila Araújo;000.000.250-03;(47) 98848-4452;373.35;19;0-30 dias;PENDENTE;0.0;Carlos M.;29/01/2025;
251;Alexandre Melo;000.000.251-86;(48) 97642-1305;3299.56;175;90+ dias;PAGO;3299.56;Carlos M.;04/11/2025;30/07/2025
252;Leandro Pinto;000.000.252-67;(48) 95333-3747;4269.27;71;61-90 dias;EM ATRASO;0.0;Diego R.;17/12/2025;
253;Bruno Castro;000.000.253-48;(61) 98796-1639;458.42;78;61-90 dias;EM ATRASO;0.0;Rafael T.;14/12/2025;
254;Nilton Vasconcelos;000.000.254-29;(98) 91711-9680;5534.29;86;61-90 dias;PAGO;5534.29;Diego R.;11/05/2025;10/03/2025
255;Marcos Rocha;000.000.255-00;(31) 95641-9908;5467.92;67;61-90 dias;QUEBRADO;1237.72;Ana Lima;05/07/2025;
256;Bruno Castro;000.000.256-90;(85) 95281-9783;6529.83;49;31-60 dias;PENDENTE;0.0;Diego R.;12/10/2025;
257;Sandra Cunha;000.000.257-71;(98) 97522-3262;1059.21;82;61-90 dias;PAGO;1059.21;Rafael T.;11/11/2025;09/10/2025
258;Beatriz Almeida;000.000.258-52;(11) 92492-3381;18353.49;16;0-30 dias;PENDENTE;0.0;Beatriz K.;02/12/2025;
259;Claudia Andrade;000.000.259-33;(21) 93871-9099;3168.48;175;90+ dias;PENDENTE;0.0;Ana Lima;12/12/2025;
260;Rosangela Tavares;000.000.260-77;(11) 93579-2422;8261.23;73;61-90 dias;PENDENTE;0.0;Beatriz K.;07/01/2026;
261;Letícia Vilaça;000.000.261-58;(85) 94707-4187;597.56;15;0-30 dias;PAGO;597.56;Beatriz K.;12/05/2025;20/09/2025
262;Salvador Borba;000.000.262-39;(65) 97178-8923;1080.04;134;90+ dias;PAGO;1080.04;Rafael T.;23/04/2025;21/11/2025
263;Marcos Rocha;000.000.263-10;(67) 96785-9462;21958.27;18;0-30 dias;PENDENTE;0.0;Carlos M.;01/07/2025;
264;Salvador Borba;000.000.264-09;(71) 99175-4271;644.7;8;0-30 dias;EM ATRASO;0.0;Rafael T.;13/12/2025;
265;Aurélio Bastos;000.000.265-81;(21) 98901-7081;1134.37;164;90+ dias;PENDENTE;0.0;Beatriz K.;28/01/2025;
266;Edna Guimarães;000.000.266-62;(21) 99232-6689;5109.23;58;31-60 dias;PENDENTE;0.0;Fernanda S.;21/02/2025;
267;Rosangela Tavares;000.000.267-43;(85) 94066-9987;3103.48;151;90+ dias;PENDENTE;0.0;Fernanda S.;25/07/2025;
268;Elias Medeiros;000.000.268-24;(51) 94744-2636;3176.38;86;61-90 dias;PAGO;3176.38;Carlos M.;13/09/2025;04/08/2025
269;Ivone Brito;000.000.269-05;(92) 98972-5915;11662.94;9;0-30 dias;PAGO;11662.94;Fernanda S.;21/06/2025;17/01/2026
270;Rosangela Tavares;000.000.270-49;(85) 96638-1324;5455.37;177;90+ dias;PENDENTE;0.0;Beatriz K.;11/12/2025;
271;Graciele Sampaio;000.000.271-20;(65) 92284-7243;5843.48;171;90+ dias;PENDENTE;0.0;Ana Lima;06/02/2025;
272;Natália Mendes;000.000.272-00;(92) 96191-5773;6685.84;39;31-60 dias;PENDENTE;0.0;Carlos M.;27/03/2025;
273;Fernanda Lima Filho;000.000.273-91;(85) 92311-4450;5290.6;6;0-30 dias;PAGO;5290.6;Carlos M.;13/11/2025;15/05/2025
274;Juliana Pereira;000.000.274-72;(62) 96068-4757;8485.71;70;61-90 dias;PAGO;8485.71;Beatriz K.;28/08/2025;01/09/2025
275;Débora Cavalcante;000.000.275-53;(51) 99835-3900;18876.37;75;61-90 dias;PENDENTE;0.0;Ana Lima;27/04/2025;
276;Sueli Coelho;000.000.276-34;(67) 95256-3551;15976.37;157;90+ dias;EM ATRASO;0.0;Fernanda S.;02/09/2025;
277;Carlos Eduardo Santos;000.000.277-15;(91) 94788-1118;20153.95;143;90+ dias;PAGO;20153.95;Rafael T.;05/08/2025;10/02/2025
278;Cristiane Azevedo;000.000.278-04;(85) 95664-9715;610.09;115;90+ dias;PENDENTE;0.0;Fernanda S.;07/04/2025;
279;Fernanda Lima;000.000.279-87;(11) 94046-2675;695.78;65;61-90 dias;NEGOCIANDO;347.32;Rafael T.;26/08/2025;
280;Mariana Costa;000.000.280-10;(51) 91918-5366;626.73;43;31-60 dias;NEGOCIANDO;125.09;Diego R.;30/01/2026;
281;Wellington Moura;000.000.281-00;(21) 94263-8550;654.36;64;61-90 dias;QUEBRADO;260.36;Beatriz K.;09/10/2025;
282;Felipe Barros;000.000.282-82;(91) 94255-6905;491.98;29;0-30 dias;PAGO;491.98;Ana Lima;05/05/2025;09/02/2026
283;Rafael Souza;000.000.283-63;(47) 93539-7084;1466.11;33;31-60 dias;PENDENTE;0.0;Rafael T.;20/03/2025;
284;Lurdes Xavier;000.000.284-44;(51) 98992-4812;1669.39;86;61-90 dias;PAGO;1669.39;Diego R.;21/01/2025;06/04/2026
285;Sueli Coelho;000.000.285-25;(47) 94109-4057;1713.29;42;31-60 dias;PAGO;1713.29;Fernanda S.;05/10/2025;15/05/2025
286;Célia Braga;000.000.286-06;(61) 91306-6965;5233.74;68;61-90 dias;PENDENTE;0.0;Fernanda S.;10/11/2025;
287;Gustavo Borges;000.000.287-97;(92) 92809-2577;520.62;96;90+ dias;PENDENTE;0.0;Rafael T.;18/07/2025;
288;Graciele Sampaio;000.000.288-78;(85) 91804-7002;5934.5;8;0-30 dias;PENDENTE;0.0;Beatriz K.;04/07/2025;
289;Osmar Pacheco;000.000.289-59;(21) 95355-9667;667.03;2;0-30 dias;PAGO;667.03;Beatriz K.;08/05/2025;03/12/2025
290;Tatiane Cardoso;000.000.290-92;(67) 92728-6864;6754.77;45;31-60 dias;PENDENTE;0.0;Diego R.;04/11/2025;
291;Eronildo Bezerra;000.000.291-73;(92) 97090-7755;1257.35;74;61-90 dias;EM ATRASO;0.0;Diego R.;18/08/2025;
292;Ana Paula Silva;000.000.292-54;(91) 91267-9480;7134.32;59;31-60 dias;PAGO;7134.32;Beatriz K.;19/09/2025;11/10/2025
293;Salvador Borba;000.000.293-35;(51) 92544-1618;3499.14;42;31-60 dias;PENDENTE;0.0;Rafael T.;22/04/2025;
294;Lucas Martins;000.000.294-16;(47) 93832-8999;5571.39;83;61-90 dias;PAGO;5571.39;Fernanda S.;30/01/2026;29/01/2025
295;Letícia Vilaça;000.000.295-05;(67) 97824-2974;5803.32;174;90+ dias;PAGO;5803.32;Fernanda S.;18/03/2025;17/10/2025
296;Dilma Fonseca;000.000.296-88;(51) 91827-7436;677.55;55;31-60 dias;PENDENTE;0.0;Beatriz K.;26/01/2025;
297;Gilson Fontes;000.000.297-69;(62) 99221-8118;44640.87;53;31-60 dias;PENDENTE;0.0;Ana Lima;05/05/2025;
298;Débora Cavalcante;000.000.298-40;(92) 92467-2843;35668.66;44;31-60 dias;PENDENTE;0.0;Beatriz K.;15/08/2025;
299;Vanessa Teixeira;000.000.299-20;(81) 94271-7124;23754.4;5;0-30 dias;PAGO;23754.4;Fernanda S.;26/02/2025;22/12/2025
300;Elias Medeiros;000.000.300-07;(92) 94424-9814;5738.25;78;61-90 dias;PENDENTE;0.0;Beatriz K.;06/12/2025;
301;Rafael Souza;000.000.301-80;(21) 95653-4288;14606.97;26;0-30 dias;QUEBRADO;6510.52;Fernanda S.;10/01/2025;
302;Wanderley Queiroz;000.000.302-60;(62) 99331-2631;616.91;41;31-60 dias;PAGO;616.91;Fernanda S.;06/06/2025;29/09/2025
303;Graciele Sampaio;000.000.303-41;(61) 91301-6681;1993.19;42;31-60 dias;PENDENTE;0.0;Beatriz K.;16/01/2025;
304;Rodrigo Machado;000.000.304-22;(92) 97436-3248;1341.16;157;90+ dias;EM ATRASO;0.0;Fernanda S.;06/11/2025;
305;Elias Medeiros;000.000.305-03;(71) 93270-9869;59849.0;56;31-60 dias;PAGO;59849.0;Carlos M.;17/10/2025;23/04/2026
306;Adriana Campos Jr.;000.000.306-94;(61) 96203-3384;15531.08;131;90+ dias;EM ATRASO;0.0;Carlos M.;21/05/2025;
307;Simone Correia Filho;000.000.307-75;(11) 95372-4783;6678.96;20;0-30 dias;PENDENTE;0.0;Diego R.;05/04/2025;
308;Graciele Sampaio;000.000.308-56;(61) 94166-4707;1915.34;92;90+ dias;PAGO;1915.34;Beatriz K.;13/08/2025;04/05/2026
309;Graciele Sampaio;000.000.309-37;(65) 95043-8005;3877.38;62;61-90 dias;PENDENTE;0.0;Ana Lima;27/12/2025;
310;Ivone Brito;000.000.310-70;(21) 95025-9498;1177.42;84;61-90 dias;PAGO;1177.42;Diego R.;27/05/2025;28/02/2026
311;Rogério Freitas;000.000.311-51;(21) 99470-3330;3078.63;15;0-30 dias;PENDENTE;0.0;Diego R.;15/06/2025;
312;João Pedro Oliveira;000.000.312-32;(71) 98449-2477;1654.03;174;90+ dias;PENDENTE;0.0;Rafael T.;26/09/2025;
313;Wanderley Queiroz;000.000.313-13;(48) 93619-7204;1261.34;112;90+ dias;QUEBRADO;337.83;Rafael T.;08/06/2025;
314;Elias Medeiros;000.000.314-02;(61) 92926-3155;4991.85;7;0-30 dias;PAGO;4991.85;Diego R.;01/09/2025;04/12/2025
315;Neusa Farias;000.000.315-85;(11) 95009-9967;652.98;162;90+ dias;PAGO;652.98;Fernanda S.;05/11/2025;23/10/2025
316;Cíntia Barbosa;000.000.316-66;(21) 92784-7831;5569.81;82;61-90 dias;PENDENTE;0.0;Ana Lima;19/01/2025;
317;Elaine Ramos;000.000.317-47;(62) 92108-8001;507.44;48;31-60 dias;PAGO;507.44;Beatriz K.;25/02/2025;30/01/2025
318;Jailson Cavalcante;000.000.318-28;(47) 95705-7996;4123.12;58;31-60 dias;PENDENTE;0.0;Carlos M.;10/09/2025;
319;Marcos Rocha;000.000.319-09;(71) 91025-2936;652.46;81;61-90 dias;NEGOCIANDO;120.66;Carlos M.;24/11/2025;
320;Claudia Andrade;000.000.320-42;(31) 96042-5919;17671.67;17;0-30 dias;PAGO;17671.67;Rafael T.;23/06/2025;03/03/2026
321;Ermando Leite;000.000.321-23;(21) 93224-8888;6885.0;159;90+ dias;PENDENTE;0.0;Fernanda S.;14/12/2025;
322;Percival Moura;000.000.322-04;(71) 96434-6793;937.91;35;31-60 dias;PAGO;937.91;Fernanda S.;20/01/2026;05/02/2026
323;Adriana Campos;000.000.323-95;(85) 97780-2422;3296.84;59;31-60 dias;NEGOCIANDO;1534.16;Beatriz K.;16/08/2025;
324;João Pedro Oliveira;000.000.324-76;(48) 93524-4116;6616.89;60;31-60 dias;EM ATRASO;0.0;Rafael T.;16/04/2025;
325;Mariana Costa;000.000.325-57;(48) 92897-1067;3999.74;178;90+ dias;QUEBRADO;435.94;Fernanda S.;24/01/2026;
326;Aline Nunes;000.000.326-38;(71) 95695-5532;2944.98;85;61-90 dias;PAGO;2944.98;Beatriz K.;29/06/2025;05/10/2025
327;Adriana Campos;000.000.327-19;(91) 95011-3806;386.23;40;31-60 dias;PAGO;386.23;Rafael T.;02/04/2025;20/07/2025
328;Elias Medeiros;000.000.328-08;(91) 96444-4246;17652.42;23;0-30 dias;QUEBRADO;2452.01;Rafael T.;08/06/2025;
329;Valdeci Nogueira;000.000.329-80;(81) 93354-5227;1430.81;73;61-90 dias;PENDENTE;0.0;Diego R.;29/06/2025;
330;Valdeci Nogueira;000.000.330-14;(91) 96711-3087;1404.07;34;31-60 dias;PENDENTE;0.0;Carlos M.;08/10/2025;
331;Ermando Leite;000.000.331-03;(92) 94411-8063;5975.67;44;31-60 dias;PENDENTE;0.0;Beatriz K.;31/10/2025;
332;Valdeci Nogueira;000.000.332-86;(41) 98294-3886;6628.06;10;0-30 dias;PAGO;6628.06;Beatriz K.;13/03/2025;23/02/2026
333;Ana Paula Silva;000.000.333-67;(51) 98421-9704;7264.55;43;31-60 dias;EM ATRASO;0.0;Rafael T.;11/08/2025;
334;Letícia Vilaça;000.000.334-48;(11) 99362-7622;44601.06;28;0-30 dias;PAGO;44601.06;Carlos M.;16/01/2025;25/05/2025
335;Nilton Vasconcelos;000.000.335-29;(62) 96212-7271;594.8;13;0-30 dias;PENDENTE;0.0;Rafael T.;28/05/2025;
336;Gabriela Ribeiro Jr.;000.000.336-00;(11) 93359-8974;23190.9;22;0-30 dias;PENDENTE;0.0;Beatriz K.;21/08/2025;
337;Edna Guimarães;000.000.337-90;(65) 97303-6821;20106.21;8;0-30 dias;PENDENTE;0.0;Ana Lima;18/01/2025;
338;Quesia Dantas;000.000.338-71;(98) 92854-8889;15903.92;158;90+ dias;PAGO;15903.92;Rafael T.;19/11/2025;30/08/2025
339;Lucas Martins;000.000.339-52;(91) 91864-6628;37352.01;55;31-60 dias;PAGO;37352.01;Rafael T.;19/01/2025;27/03/2025
340;Elaine Ramos;000.000.340-96;(85) 92006-8752;795.98;79;61-90 dias;PAGO;795.98;Fernanda S.;23/05/2025;06/02/2026
341;Gabriela Ribeiro;000.000.341-77;(85) 95209-1232;5954.93;113;90+ dias;PAGO;5954.93;Ana Lima;28/09/2025;03/04/2025
342;Marcelo Duarte;000.000.342-58;(51) 93525-9125;1048.31;25;0-30 dias;PENDENTE;0.0;Ana Lima;22/01/2026;
343;Beatriz Almeida;000.000.343-39;(62) 98802-5937;1461.97;16;0-30 dias;PAGO;1461.97;Diego R.;18/08/2025;13/02/2026
344;Adriana Campos;000.000.344-10;(21) 92595-9704;1408.51;88;61-90 dias;PENDENTE;0.0;Rafael T.;25/08/2025;
345;Cristiane Azevedo;000.000.345-09;(71) 99518-6528;1443.76;53;31-60 dias;PENDENTE;0.0;Rafael T.;23/04/2025;
346;Claudia Andrade;000.000.346-81;(21) 91388-2506;1384.74;118;90+ dias;QUEBRADO;636.92;Carlos M.;17/10/2025;
347;Priscila Araújo;000.000.347-62;(85) 95826-8650;6616.15;60;31-60 dias;PAGO;6616.15;Fernanda S.;07/02/2025;04/02/2026
348;Diego Ferreira;000.000.348-43;(92) 91984-5230;1965.02;27;0-30 dias;PENDENTE;0.0;Carlos M.;09/08/2025;
349;Mateus Gomes;000.000.349-24;(85) 92692-1571;331.9;79;61-90 dias;PENDENTE;0.0;Rafael T.;19/03/2025;
350;Cíntia Barbosa;000.000.350-68;(11) 99444-9039;7724.93;44;31-60 dias;EM ATRASO;0.0;Fernanda S.;03/07/2025;
351;Elaine Ramos;000.000.351-49;(31) 96985-9759;3218.72;63;61-90 dias;PAGO;3218.72;Rafael T.;24/02/2025;19/07/2025
352;Eronildo Bezerra;000.000.352-20;(65) 94104-3292;42488.95;2;0-30 dias;NEGOCIANDO;20676.38;Ana Lima;09/01/2025;
353;Marcelo Duarte Jr.;000.000.353-00;(62) 92936-4468;10532.21;51;31-60 dias;PAGO;10532.21;Rafael T.;08/09/2025;14/03/2025
354;Fernanda Lima;000.000.354-91;(21) 94976-3138;1695.26;97;90+ dias;NEGOCIANDO;246.95;Beatriz K.;01/11/2025;
355;Patrícia Lopes Filho;000.000.355-72;(67) 96527-7586;846.7;34;31-60 dias;PAGO;846.7;Diego R.;14/03/2025;21/05/2025
356;Rogério Freitas;000.000.356-53;(61) 98187-4991;5674.65;30;0-30 dias;PAGO;5674.65;Rafael T.;15/02/2025;02/04/2025
357;Claudia Andrade;000.000.357-34;(47) 93079-4377;3047.29;51;31-60 dias;PENDENTE;0.0;Rafael T.;15/02/2025;
358;Elaine Ramos;000.000.358-15;(11) 94860-4144;5238.34;47;31-60 dias;PAGO;5238.34;Carlos M.;27/02/2025;10/04/2025
359;Isaura Pires;000.000.359-04;(61) 91706-1885;6830.92;42;31-60 dias;EM ATRASO;0.0;Carlos M.;01/04/2025;
360;João Pedro Oliveira;000.000.360-30;(41) 92160-4855;637.88;45;31-60 dias;PAGO;637.88;Carlos M.;31/07/2025;13/01/2026
361;Joelma Reis;000.000.361-10;(31) 98716-8936;1336.04;2;0-30 dias;PENDENTE;0.0;Carlos M.;19/05/2025;
362;Cíntia Barbosa Jr.;000.000.362-00;(85) 93236-2820;7318.45;28;0-30 dias;PENDENTE;0.0;Beatriz K.;29/03/2025;
363;Odete Cardoso;000.000.363-82;(31) 97745-9548;1086.7;58;31-60 dias;PENDENTE;0.0;Beatriz K.;24/04/2025;
364;Bruno Castro;000.000.364-63;(11) 97844-1724;4875.62;2;0-30 dias;PAGO;4875.62;Ana Lima;21/01/2026;13/10/2025
365;Neusa Farias;000.000.365-44;(51) 96872-5846;818.22;51;31-60 dias;PENDENTE;0.0;Carlos M.;31/01/2026;
366;Gilson Fontes;000.000.366-25;(98) 98607-1022;15240.34;140;90+ dias;PENDENTE;0.0;Rafael T.;17/04/2025;
367;Juliana Pereira;000.000.367-06;(92) 91898-9433;5714.8;30;0-30 dias;PAGO;5714.8;Carlos M.;01/02/2026;30/12/2025
368;André Monteiro;000.000.368-97;(81) 99841-2860;20935.06;165;90+ dias;PENDENTE;0.0;Fernanda S.;05/08/2025;
369;Beatriz Almeida Neto;000.000.369-78;(65) 98966-9215;5197.13;64;61-90 dias;EM ATRASO;0.0;Carlos M.;03/02/2025;
370;Célia Braga;000.000.370-01;(61) 95724-2260;1143.76;69;61-90 dias;EM ATRASO;0.0;Carlos M.;05/10/2025;
371;Isaura Pires;000.000.371-92;(65) 91351-5776;4015.26;120;90+ dias;PENDENTE;0.0;Rafael T.;07/12/2025;
372;Jailson Cavalcante;000.000.372-73;(65) 98503-5982;742.01;19;0-30 dias;PENDENTE;0.0;Carlos M.;22/08/2025;
373;Natália Mendes;000.000.373-54;(91) 93986-3873;574.13;83;61-90 dias;PENDENTE;0.0;Beatriz K.;16/04/2025;
374;Mariana Costa;000.000.374-35;(98) 93423-7109;4427.37;48;31-60 dias;PAGO;4427.37;Beatriz K.;14/01/2026;03/01/2025
375;Dilma Fonseca;000.000.375-16;(91) 98764-5748;7533.75;82;61-90 dias;PAGO;7533.75;Ana Lima;10/10/2025;14/12/2025
376;Paulo Henrique Lima Filho;000.000.376-05;(65) 96855-2515;1194.94;11;0-30 dias;NEGOCIANDO;443.11;Beatriz K.;14/02/2025;
377;Edilene Carmo;000.000.377-88;(92) 99381-1918;1751.47;30;0-30 dias;EM ATRASO;0.0;Ana Lima;15/10/2025;
378;Renato Vieira;000.000.378-69;(65) 97809-8249;1004.13;86;61-90 dias;EM ATRASO;0.0;Fernanda S.;26/09/2025;
379;Camila Rodrigues;000.000.379-40;(62) 92449-1108;1244.88;51;31-60 dias;PENDENTE;0.0;Diego R.;11/10/2025;
380;Rafael Souza;000.000.380-83;(91) 95979-9095;3576.06;18;0-30 dias;QUEBRADO;1634.53;Carlos M.;02/08/2025;
381;Graciele Sampaio;000.000.381-64;(81) 91466-2955;4882.92;76;61-90 dias;EM ATRASO;0.0;Fernanda S.;03/03/2025;
382;Humberto Rezende;000.000.382-45;(11) 95252-3668;4144.31;32;31-60 dias;EM ATRASO;0.0;Fernanda S.;25/01/2025;
383;Sérgio Figueiredo;000.000.383-26;(31) 99419-4175;3935.64;66;61-90 dias;PAGO;3935.64;Fernanda S.;19/12/2025;24/12/2025
384;Larissa Carvalho;000.000.384-07;(98) 93354-1211;7525.44;70;61-90 dias;NEGOCIANDO;3145.96;Beatriz K.;14/10/2025;
385;Jailson Cavalcante;000.000.385-98;(41) 97837-8544;14163.67;107;90+ dias;PENDENTE;0.0;Fernanda S.;26/01/2026;
386;Tatiane Cardoso;000.000.386-79;(11) 92943-4643;3259.05;83;61-90 dias;PAGO;3259.05;Diego R.;01/02/2026;10/01/2025
387;Nilton Vasconcelos Jr.;000.000.387-50;(21) 99412-1971;2061.63;16;0-30 dias;PENDENTE;0.0;Carlos M.;13/04/2025;
388;Letícia Vilaça Filho;000.000.388-30;(85) 96698-6770;1269.4;6;0-30 dias;PAGO;1269.4;Beatriz K.;29/03/2025;25/05/2025
389;Ana Paula Silva;000.000.389-11;(41) 94506-9260;54215.98;76;61-90 dias;PENDENTE;0.0;Carlos M.;21/09/2025;
390;Neusa Farias Neto;000.000.390-55;(41) 98633-2807;1247.12;76;61-90 dias;PENDENTE;0.0;Rafael T.;09/06/2025;
391;Sueli Coelho;000.000.391-36;(67) 95761-8011;924.65;151;90+ dias;PENDENTE;0.0;Ana Lima;13/12/2025;
392;Felipe Barros;000.000.392-17;(41) 93764-2060;1984.12;71;61-90 dias;QUEBRADO;660.25;Rafael T.;20/05/2025;
393;Gilson Fontes;000.000.393-06;(62) 98938-9379;726.17;9;0-30 dias;PAGO;726.17;Rafael T.;13/09/2025;04/02/2025
394;João Pedro Oliveira;000.000.394-89;(62) 96356-3502;1423.84;80;61-90 dias;PENDENTE;0.0;Fernanda S.;16/09/2025;
395;Murilo Bezerra;000.000.395-60;(11) 91517-8051;4655.34;60;31-60 dias;NEGOCIANDO;2112.97;Diego R.;26/03/2025;
396;Nilton Vasconcelos;000.000.396-40;(47) 92792-9037;7126.11;82;61-90 dias;EM ATRASO;0.0;Rafael T.;12/11/2025;
397;Eronildo Bezerra;000.000.397-21;(91) 96250-2006;893.09;107;90+ dias;PAGO;893.09;Diego R.;02/07/2025;26/06/2025
398;Letícia Vilaça Filho;000.000.398-02;(81) 94844-6113;4025.57;19;0-30 dias;NEGOCIANDO;1317.25;Fernanda S.;04/08/2025;
399;Fernanda Lima;000.000.399-93;(11) 96185-7188;11500.44;19;0-30 dias;QUEBRADO;1916.56;Fernanda S.;03/06/2025;
400;Nilton Vasconcelos;000.000.400-61;(31) 99779-4507;20629.1;129;90+ dias;PAGO;20629.1;Ana Lima;20/05/2025;22/06/2025
401;Quesia Dantas;000.000.401-42;(47) 97997-4436;1157.89;174;90+ dias;PAGO;1157.89;Rafael T.;21/08/2025;21/09/2025
402;Odete Cardoso;000.000.402-23;(11) 99457-4056;4803.77;175;90+ dias;NEGOCIANDO;1313.78;Rafael T.;17/10/2025;
403;Diego Ferreira;000.000.403-04;(98) 98577-3420;4461.56;84;61-90 dias;NEGOCIANDO;922.53;Rafael T.;27/05/2025;
404;Natália Mendes;000.000.404-95;(81) 97649-4907;4784.96;4;0-30 dias;PAGO;4784.96;Carlos M.;20/05/2025;23/03/2025
405;João Pedro Oliveira;000.000.405-76;(85) 93883-1691;27225.36;24;0-30 dias;EM ATRASO;0.0;Rafael T.;10/12/2025;
406;Thiago Nascimento;000.000.406-57;(51) 94867-2833;23836.45;54;31-60 dias;PAGO;23836.45;Fernanda S.;31/01/2026;04/03/2025
407;Cíntia Barbosa;000.000.407-38;(62) 94865-7928;4450.25;7;0-30 dias;QUEBRADO;646.11;Diego R.;07/10/2025;
408;Isaura Pires;000.000.408-19;(85) 93374-6947;22305.04;16;0-30 dias;QUEBRADO;9268.21;Fernanda S.;03/05/2025;
409;Odete Cardoso;000.000.409-08;(98) 92999-9763;1846.64;38;31-60 dias;NEGOCIANDO;358.59;Carlos M.;18/04/2025;
410;Sueli Coelho;000.000.410-33;(67) 91555-5489;20195.56;33;31-60 dias;NEGOCIANDO;7662.05;Ana Lima;17/09/2025;
411;Eronildo Bezerra;000.000.411-14;(92) 98426-1448;1053.79;25;0-30 dias;PENDENTE;0.0;Carlos M.;26/02/2025;
412;Wellington Moura;000.000.412-03;(51) 97722-6233;1468.69;46;31-60 dias;PAGO;1468.69;Beatriz K.;13/07/2025;25/03/2026
413;Patrícia Lopes Jr.;000.000.413-86;(81) 92457-8576;1350.61;7;0-30 dias;PENDENTE;0.0;Rafael T.;08/01/2025;
414;Jailson Cavalcante;000.000.414-67;(65) 99096-2941;1682.8;115;90+ dias;PAGO;1682.8;Rafael T.;25/05/2025;21/04/2025
415;Simone Correia;000.000.415-48;(67) 93391-1471;5497.42;39;31-60 dias;EM ATRASO;0.0;Diego R.;21/12/2025;
416;Renato Vieira;000.000.416-29;(67) 95198-2196;57876.27;48;31-60 dias;PENDENTE;0.0;Ana Lima;19/01/2026;
417;Ana Paula Silva;000.000.417-00;(62) 95956-7466;3019.2;22;0-30 dias;PAGO;3019.2;Diego R.;29/09/2025;30/12/2025
418;Vanessa Teixeira;000.000.418-90;(92) 91723-3095;3697.55;87;61-90 dias;PAGO;3697.55;Carlos M.;12/08/2025;10/06/2025
419;Adriana Campos;000.000.419-71;(47) 93478-8208;40275.05;2;0-30 dias;EM ATRASO;0.0;Diego R.;21/01/2025;
420;Eronildo Bezerra;000.000.420-05;(47) 98499-9077;7209.04;4;0-30 dias;PAGO;7209.04;Beatriz K.;06/12/2025;02/04/2026
421;Renato Vieira;000.000.421-96;(11) 99618-3958;7324.21;63;61-90 dias;PENDENTE;0.0;Ana Lima;30/10/2025;
422;Gustavo Borges;000.000.422-77;(31) 98540-8861;18580.2;69;61-90 dias;EM ATRASO;0.0;Carlos M.;19/10/2025;
423;Renato Vieira;000.000.423-58;(91) 96294-1909;978.06;33;31-60 dias;NEGOCIANDO;161.55;Diego R.;04/02/2026;
424;Claudia Andrade;000.000.424-39;(51) 92975-5891;1325.97;130;90+ dias;PENDENTE;0.0;Diego R.;18/07/2025;
425;Débora Cavalcante;000.000.425-10;(67) 92478-7922;1024.23;42;31-60 dias;QUEBRADO;165.95;Beatriz K.;11/09/2025;
426;Jailson Cavalcante;000.000.426-09;(67) 92297-8825;1730.61;178;90+ dias;PAGO;1730.61;Diego R.;19/09/2025;25/02/2025
427;Neusa Farias Neto;000.000.427-81;(98) 95175-2339;1086.89;61;61-90 dias;QUEBRADO;245.18;Diego R.;06/01/2026;
428;Elias Medeiros;000.000.428-62;(85) 96592-4066;1444.79;36;31-60 dias;QUEBRADO;410.41;Rafael T.;27/07/2025;
429;Graciele Sampaio;000.000.429-43;(98) 97471-5958;6176.19;3;0-30 dias;PAGO;6176.19;Rafael T.;12/08/2025;04/05/2025
430;Lurdes Xavier;000.000.430-87;(91) 98592-3427;24385.74;16;0-30 dias;PENDENTE;0.0;Fernanda S.;14/04/2025;
431;Quesia Dantas;000.000.431-68;(62) 91834-6469;1742.65;146;90+ dias;PENDENTE;0.0;Beatriz K.;06/09/2025;
432;Graciele Sampaio;000.000.432-49;(21) 99655-1311;16046.75;14;0-30 dias;PAGO;16046.75;Ana Lima;12/08/2025;24/12/2025
433;Natália Mendes;000.000.433-20;(71) 98688-6633;7530.41;77;61-90 dias;EM ATRASO;0.0;Rafael T.;06/01/2026;
434;Wanderley Queiroz;000.000.434-00;(98) 98738-3654;1434.0;70;61-90 dias;PENDENTE;0.0;Fernanda S.;10/09/2025;
435;Cristiane Azevedo;000.000.435-91;(21) 91297-6878;1707.51;29;0-30 dias;PENDENTE;0.0;Beatriz K.;03/03/2025;
436;Patrícia Lopes;000.000.436-72;(92) 96820-1764;1750.79;125;90+ dias;EM ATRASO;0.0;Ana Lima;23/08/2025;
437;Mateus Gomes;000.000.437-53;(41) 91687-9311;2942.2;106;90+ dias;QUEBRADO;411.08;Fernanda S.;28/11/2025;
438;Cíntia Barbosa;000.000.438-34;(41) 94307-8194;1675.55;14;0-30 dias;NEGOCIANDO;409.27;Carlos M.;07/12/2025;
439;Bruno Castro;000.000.439-15;(48) 97909-4738;16774.64;143;90+ dias;PENDENTE;0.0;Ana Lima;30/01/2026;
440;Ivone Brito;000.000.440-59;(31) 96542-6157;1590.63;13;0-30 dias;PENDENTE;0.0;Rafael T.;01/01/2026;
441;Ivone Brito;000.000.441-30;(67) 97586-5986;775.63;24;0-30 dias;PAGO;775.63;Beatriz K.;16/11/2025;06/10/2025
442;Sueli Coelho;000.000.442-10;(62) 94232-5940;1522.1;32;31-60 dias;PENDENTE;0.0;Beatriz K.;09/06/2025;
443;Marcelo Duarte;000.000.443-00;(61) 91383-1456;3823.65;56;31-60 dias;NEGOCIANDO;779.65;Fernanda S.;17/09/2025;
444;Felipe Barros Jr.;000.000.444-82;(65) 95881-1085;1820.38;68;61-90 dias;PAGO;1820.38;Beatriz K.;02/01/2026;06/02/2026
445;André Monteiro;000.000.445-63;(48) 95057-2724;914.15;115;90+ dias;PAGO;914.15;Diego R.;08/03/2025;31/03/2026
446;Renato Vieira;000.000.446-44;(98) 99622-7598;24940.7;141;90+ dias;QUEBRADO;6653.4;Carlos M.;25/03/2025;
447;Dilma Fonseca;000.000.447-25;(51) 99408-9669;7664.42;53;31-60 dias;PENDENTE;0.0;Fernanda S.;03/03/2025;
448;Salvador Borba;000.000.448-06;(48) 93511-2929;21324.47;40;31-60 dias;PAGO;21324.47;Carlos M.;21/04/2025;26/05/2025
449;Graciele Sampaio Neto;000.000.449-97;(31) 91732-7841;874.3;49;31-60 dias;PAGO;874.3;Diego R.;24/08/2025;22/11/2025
450;Elias Medeiros Neto;000.000.450-20;(31) 97711-7344;20510.52;59;31-60 dias;QUEBRADO;6743.82;Rafael T.;31/01/2026;
451;Paulo Henrique Lima;000.000.451-01;(41) 92395-4152;6503.35;97;90+ dias;PENDENTE;0.0;Fernanda S.;10/01/2025;
452;Aline Nunes;000.000.452-92;(65) 92386-9741;15429.3;20;0-30 dias;PAGO;15429.3;Ana Lima;16/02/2025;12/05/2025
453;Larissa Carvalho;000.000.453-73;(91) 93359-3992;992.37;55;31-60 dias;PAGO;992.37;Fernanda S.;20/02/2025;19/07/2025
454;Vanessa Teixeira;000.000.454-54;(92) 95225-7152;1578.63;27;0-30 dias;PAGO;1578.63;Diego R.;12/06/2025;01/02/2025
455;Odete Cardoso;000.000.455-35;(47) 91473-7676;6050.58;38;31-60 dias;PAGO;6050.58;Ana Lima;17/08/2025;28/07/2025
456;Dilma Fonseca;000.000.456-16;(51) 97116-9854;53442.53;159;90+ dias;PENDENTE;0.0;Carlos M.;01/12/2025;
457;Ana Paula Silva;000.000.457-05;(85) 95110-7228;1167.56;81;61-90 dias;PENDENTE;0.0;Carlos M.;04/03/2025;
458;Percival Moura;000.000.458-88;(67) 94454-9270;7877.84;178;90+ dias;PAGO;7877.84;Beatriz K.;24/08/2025;18/04/2025
459;Cíntia Barbosa Filho;000.000.459-69;(11) 98807-1070;6219.8;31;31-60 dias;PENDENTE;0.0;Beatriz K.;09/02/2025;
460;João Pedro Oliveira;000.000.460-00;(65) 93022-6783;6607.8;43;31-60 dias;EM ATRASO;0.0;Ana Lima;16/08/2025;
461;Patrícia Lopes;000.000.461-83;(85) 96862-4137;1520.28;57;31-60 dias;EM ATRASO;0.0;Beatriz K.;28/12/2025;
462;Aline Nunes;000.000.462-64;(41) 95544-9197;1261.7;78;61-90 dias;PAGO;1261.7;Carlos M.;19/10/2025;13/05/2025
463;Ivone Brito;000.000.463-45;(85) 94143-1378;23944.14;52;31-60 dias;PAGO;23944.14;Diego R.;15/06/2025;26/04/2026
464;Neusa Farias;000.000.464-26;(48) 98644-9119;681.73;96;90+ dias;PAGO;681.73;Ana Lima;20/10/2025;11/02/2025
465;Patrícia Lopes;000.000.465-07;(67) 92219-5095;2167.24;7;0-30 dias;EM ATRASO;0.0;Carlos M.;09/05/2025;
466;Mateus Gomes;000.000.466-98;(92) 91891-6465;1353.26;68;61-90 dias;PAGO;1353.26;Fernanda S.;13/07/2025;18/01/2025
467;Camila Rodrigues;000.000.467-79;(21) 98240-1897;1451.86;10;0-30 dias;NEGOCIANDO;280.56;Rafael T.;03/11/2025;
468;Carlos Eduardo Santos;000.000.468-50;(65) 98014-2659;857.93;51;31-60 dias;NEGOCIANDO;152.24;Carlos M.;21/10/2025;
469;Humberto Rezende;000.000.469-30;(67) 98887-8284;829.83;6;0-30 dias;EM ATRASO;0.0;Carlos M.;02/02/2026;
470;Vanessa Teixeira;000.000.470-74;(92) 95768-7042;397.44;79;61-90 dias;PAGO;397.44;Carlos M.;24/11/2025;13/04/2025
471;Camila Rodrigues;000.000.471-55;(47) 98657-6425;1011.78;79;61-90 dias;PAGO;1011.78;Carlos M.;24/11/2025;02/01/2025
472;Marcos Rocha;000.000.472-36;(71) 94916-8876;939.05;133;90+ dias;PENDENTE;0.0;Ana Lima;12/10/2025;
473;Vanessa Teixeira;000.000.473-17;(71) 96896-1719;1805.15;1;0-30 dias;PAGO;1805.15;Ana Lima;15/05/2025;08/03/2026
474;Fernanda Lima;000.000.474-06;(51) 97208-2818;4234.1;60;31-60 dias;PENDENTE;0.0;Rafael T.;11/08/2025;
475;Camila Rodrigues Filho;000.000.475-89;(71) 94140-9725;1960.87;72;61-90 dias;PENDENTE;0.0;Fernanda S.;18/03/2025;
476;Wellington Moura Neto;000.000.476-60;(51) 99327-9011;3004.6;63;61-90 dias;PENDENTE;0.0;Diego R.;23/09/2025;
477;Tatiane Cardoso;000.000.477-40;(98) 99609-8918;19045.53;76;61-90 dias;PENDENTE;0.0;Diego R.;01/05/2025;
478;Renato Vieira;000.000.478-21;(62) 93575-7129;5112.92;63;61-90 dias;PAGO;5112.92;Diego R.;28/08/2025;19/08/2025
479;Neusa Farias;000.000.479-02;(47) 96194-5473;4154.56;13;0-30 dias;PENDENTE;0.0;Carlos M.;22/05/2025;
480;Larissa Carvalho Neto;000.000.480-46;(21) 99946-4281;6610.9;37;31-60 dias;PAGO;6610.9;Rafael T.;21/01/2026;14/03/2026
481;Murilo Bezerra;000.000.481-27;(11) 95906-5617;47893.19;142;90+ dias;EM ATRASO;0.0;Carlos M.;23/07/2025;
482;Marcos Rocha;000.000.482-08;(71) 98773-4829;1528.27;86;61-90 dias;NEGOCIANDO;579.48;Diego R.;18/04/2025;
483;Elias Medeiros;000.000.483-99;(11) 97139-3276;316.46;130;90+ dias;QUEBRADO;82.71;Rafael T.;03/02/2026;
484;Lurdes Xavier;000.000.484-70;(11) 91527-3279;14645.06;79;61-90 dias;PAGO;14645.06;Diego R.;07/04/2025;17/07/2025
485;Mateus Gomes;000.000.485-50;(65) 95991-2527;8456.25;6;0-30 dias;PENDENTE;0.0;Carlos M.;16/04/2025;
486;Sérgio Figueiredo;000.000.486-31;(31) 98449-1941;1846.68;47;31-60 dias;QUEBRADO;472.01;Carlos M.;16/04/2025;
487;Aline Nunes;000.000.487-12;(47) 93601-6084;7946.51;37;31-60 dias;PAGO;7946.51;Diego R.;19/10/2025;18/06/2025
488;Célia Braga;000.000.488-01;(21) 92492-5717;14648.54;59;31-60 dias;PENDENTE;0.0;Beatriz K.;02/04/2025;
489;Nilton Vasconcelos;000.000.489-84;(61) 92565-7447;3751.34;32;31-60 dias;PAGO;3751.34;Beatriz K.;30/07/2025;10/09/2025
490;Felipe Barros;000.000.490-18;(31) 92723-9264;5036.39;55;31-60 dias;QUEBRADO;1271.5;Diego R.;17/01/2026;
491;Simone Correia;000.000.491-07;(11) 95105-2878;4768.14;65;61-90 dias;PENDENTE;0.0;Fernanda S.;30/08/2025;
492;Natália Mendes;000.000.492-80;(11) 92646-3903;1441.37;10;0-30 dias;QUEBRADO;658.81;Carlos M.;30/09/2025;
493;Sueli Coelho;000.000.493-60;(48) 92684-7399;11429.55;75;61-90 dias;PAGO;11429.55;Ana Lima;04/08/2025;09/01/2025
494;Carlos Eduardo Santos;000.000.494-41;(71) 92035-4613;4494.08;29;0-30 dias;PAGO;4494.08;Diego R.;05/10/2025;17/04/2025
495;Edna Guimarães Filho;000.000.495-22;(41) 96842-6298;4752.66;31;31-60 dias;PENDENTE;0.0;Carlos M.;04/02/2025;
496;Neusa Farias;000.000.496-03;(47) 92668-9784;5599.2;26;0-30 dias;EM ATRASO;0.0;Carlos M.;22/12/2025;
497;Cíntia Barbosa;000.000.497-94;(92) 98899-2106;1168.74;31;31-60 dias;PAGO;1168.74;Fernanda S.;05/03/2025;24/01/2026
498;Cristiane Azevedo;000.000.498-75;(81) 92300-1981;50385.79;5;0-30 dias;PENDENTE;0.0;Carlos M.;18/06/2025;
499;Rodrigo Machado;000.000.499-56;(21) 99533-7797;11498.9;21;0-30 dias;EM ATRASO;0.0;Rafael T.;18/12/2025;
500;Patrícia Lopes;000.000.500-24;(62) 99543-6269;8885.82;6;0-30 dias;PAGO;8885.82;Beatriz K.;31/10/2025;30/03/2025
501;Aline Nunes;000.000.501-05;(31) 97983-8652;3493.82;10;0-30 dias;PAGO;3493.82;Ana Lima;04/09/2025;05/02/2026
502;Rosangela Tavares;000.000.502-96;(61) 98712-8231;8336.79;80;61-90 dias;NEGOCIANDO;3906.73;Beatriz K.;01/11/2025;
503;Bruno Castro;000.000.503-77;(61) 95215-7233;1330.24;40;31-60 dias;PAGO;1330.24;Rafael T.;14/09/2025;07/01/2025
504;Cleber Santana;000.000.504-58;(67) 97465-7113;24872.03;173;90+ dias;PAGO;24872.03;Fernanda S.;12/08/2025;26/01/2026
505;Letícia Vilaça;000.000.505-39;(47) 97032-1945;2207.05;90;61-90 dias;QUEBRADO;790.42;Beatriz K.;14/05/2025;
506;Célia Braga;000.000.506-10;(51) 95166-5053;5866.38;20;0-30 dias;EM ATRASO;0.0;Carlos M.;23/09/2025;
507;Edna Guimarães;000.000.507-09;(67) 95143-5951;1547.69;82;61-90 dias;PENDENTE;0.0;Carlos M.;26/06/2025;
508;Débora Cavalcante;000.000.508-81;(62) 96047-1105;1615.36;6;0-30 dias;PAGO;1615.36;Carlos M.;27/12/2025;06/04/2025
509;Fábio Moreira;000.000.509-62;(48) 92806-8383;11262.04;19;0-30 dias;PENDENTE;0.0;Ana Lima;16/11/2025;
510;Rogério Freitas Jr.;000.000.510-04;(62) 93042-5534;34312.83;3;0-30 dias;QUEBRADO;14263.26;Ana Lima;22/01/2025;
511;Renato Vieira;000.000.511-87;(11) 97154-9520;56155.33;39;31-60 dias;NEGOCIANDO;26752.2;Diego R.;07/12/2025;
512;Joelma Reis;000.000.512-68;(98) 96410-2641;7550.22;45;31-60 dias;EM ATRASO;0.0;Carlos M.;20/01/2026;
513;Cleber Santana;000.000.513-49;(47) 99436-7768;14123.5;172;90+ dias;PAGO;14123.5;Beatriz K.;30/04/2025;16/08/2025
514;Graciele Sampaio;000.000.514-20;(31) 96707-8010;1838.84;175;90+ dias;PENDENTE;0.0;Rafael T.;20/10/2025;
515;Dilma Fonseca;000.000.515-00;(31) 95937-9990;12137.05;148;90+ dias;QUEBRADO;1725.74;Ana Lima;02/01/2026;
516;Natália Mendes;000.000.516-91;(92) 97283-5593;2738.59;54;31-60 dias;PAGO;2738.59;Carlos M.;20/06/2025;21/12/2025
517;Salvador Borba;000.000.517-72;(31) 96623-7176;1634.64;84;61-90 dias;PAGO;1634.64;Fernanda S.;15/02/2025;27/02/2025
518;Simone Correia;000.000.518-53;(41) 97025-3087;828.36;73;61-90 dias;NEGOCIANDO;347.09;Beatriz K.;06/03/2025;
519;Patrícia Lopes Jr.;000.000.519-34;(65) 96176-3370;10479.8;40;31-60 dias;QUEBRADO;3558.44;Beatriz K.;08/06/2025;
520;Felipe Barros;000.000.520-78;(47) 94534-9110;11580.42;98;90+ dias;QUEBRADO;1401.54;Carlos M.;02/02/2026;
521;Graciele Sampaio;000.000.521-59;(91) 93608-1353;1983.53;71;61-90 dias;QUEBRADO;353.14;Diego R.;08/10/2025;
522;Larissa Carvalho Jr.;000.000.522-30;(91) 98496-3681;3258.6;35;31-60 dias;PENDENTE;0.0;Ana Lima;22/10/2025;
523;Vanessa Teixeira;000.000.523-10;(67) 93756-1922;499.49;113;90+ dias;QUEBRADO;98.9;Carlos M.;02/03/2025;
524;Edilene Carmo;000.000.524-00;(61) 97150-2468;1374.97;45;31-60 dias;PENDENTE;0.0;Carlos M.;18/09/2025;
525;Fernanda Lima;000.000.525-82;(47) 95484-2549;1395.81;49;31-60 dias;EM ATRASO;0.0;Carlos M.;03/10/2025;
526;Gilson Fontes;000.000.526-63;(11) 97451-9788;5233.89;26;0-30 dias;PAGO;5233.89;Carlos M.;02/03/2025;04/12/2025
527;Leandro Pinto;000.000.527-44;(92) 93015-1641;7108.7;5;0-30 dias;PENDENTE;0.0;Carlos M.;06/10/2025;
528;Edna Guimarães;000.000.528-25;(11) 95068-5925;43293.32;89;61-90 dias;PENDENTE;0.0;Beatriz K.;03/10/2025;
529;Aline Nunes;000.000.529-06;(21) 94884-1601;3296.24;118;90+ dias;PAGO;3296.24;Diego R.;14/05/2025;11/05/2025
530;Natália Mendes;000.000.530-40;(31) 95164-7968;1545.55;23;0-30 dias;QUEBRADO;661.81;Carlos M.;06/11/2025;
531;Osmar Pacheco;000.000.531-20;(92) 98104-7208;1203.5;50;31-60 dias;EM ATRASO;0.0;Fernanda S.;03/02/2026;
532;Vanessa Teixeira;000.000.532-01;(81) 95483-1161;2741.02;139;90+ dias;NEGOCIANDO;378.85;Rafael T.;28/06/2025;
533;Salvador Borba;000.000.533-92;(85) 92623-1785;21408.71;6;0-30 dias;PENDENTE;0.0;Carlos M.;31/10/2025;
534;Alexandre Melo Filho;000.000.534-73;(51) 93337-7206;1386.63;97;90+ dias;PENDENTE;0.0;Fernanda S.;13/08/2025;
535;Valdeci Nogueira;000.000.535-54;(85) 98008-9529;1758.47;59;31-60 dias;PAGO;1758.47;Ana Lima;03/05/2025;09/01/2026
536;Rogério Freitas;000.000.536-35;(31) 95683-9074;2818.57;61;61-90 dias;PENDENTE;0.0;Diego R.;05/03/2025;
537;Carlos Eduardo Santos;000.000.537-16;(11) 97962-9754;7281.99;175;90+ dias;EM ATRASO;0.0;Beatriz K.;12/12/2025;
538;Patrícia Lopes;000.000.538-05;(98) 93184-9416;2679.4;32;31-60 dias;NEGOCIANDO;394.26;Diego R.;03/06/2025;
539;Sérgio Figueiredo;000.000.539-88;(11) 97449-4562;1818.81;40;31-60 dias;PAGO;1818.81;Fernanda S.;18/06/2025;24/08/2025
540;Eronildo Bezerra Neto;000.000.540-11;(61) 97587-6808;1199.46;1;0-30 dias;NEGOCIANDO;239.96;Diego R.;29/08/2025;
541;Cleber Santana;000.000.541-00;(67) 93984-9788;20700.55;64;61-90 dias;QUEBRADO;2986.39;Ana Lima;26/05/2025;
542;André Monteiro;000.000.542-83;(92) 91517-3626;501.95;176;90+ dias;NEGOCIANDO;206.87;Beatriz K.;24/07/2025;
543;Wanderley Queiroz Jr.;000.000.543-64;(11) 93066-3548;1453.13;12;0-30 dias;PAGO;1453.13;Diego R.;12/02/2025;06/09/2025
544;Wellington Moura;000.000.544-45;(48) 94061-5087;11373.01;124;90+ dias;QUEBRADO;3422.52;Carlos M.;03/04/2025;
545;Bruno Castro;000.000.545-26;(51) 97574-1628;1347.99;37;31-60 dias;PENDENTE;0.0;Carlos M.;29/04/2025;
546;Marcelo Duarte;000.000.546-07;(21) 99353-7997;776.95;32;31-60 dias;PAGO;776.95;Rafael T.;05/12/2025;27/01/2025
547;Gustavo Borges;000.000.547-98;(47) 95590-2650;8232.25;36;31-60 dias;PAGO;8232.25;Rafael T.;05/07/2025;15/01/2026
548;Jailson Cavalcante;000.000.548-79;(81) 95521-4441;2722.13;19;0-30 dias;PAGO;2722.13;Ana Lima;17/08/2025;27/12/2025
549;Lucas Martins;000.000.549-50;(92) 95939-8769;12292.93;25;0-30 dias;EM ATRASO;0.0;Fernanda S.;27/06/2025;
550;Elias Medeiros;000.000.550-93;(41) 98145-2109;35137.97;77;61-90 dias;PAGO;35137.97;Carlos M.;22/12/2025;13/05/2026
551;Edilene Carmo;000.000.551-74;(48) 92228-3711;5643.31;77;61-90 dias;PENDENTE;0.0;Beatriz K.;05/01/2025;
552;Célia Braga;000.000.552-55;(48) 95240-5971;590.89;70;61-90 dias;EM ATRASO;0.0;Fernanda S.;10/03/2025;
553;Beatriz Almeida;000.000.553-36;(81) 94440-9758;1952.77;81;61-90 dias;PAGO;1952.77;Fernanda S.;10/11/2025;05/04/2026
554;Gustavo Borges;000.000.554-17;(11) 96824-4592;1213.56;123;90+ dias;QUEBRADO;306.78;Fernanda S.;01/12/2025;
555;Odete Cardoso;000.000.555-06;(65) 94614-6312;1579.93;171;90+ dias;EM ATRASO;0.0;Diego R.;17/02/2025;
556;Leandro Pinto;000.000.556-89;(61) 94094-9036;576.96;24;0-30 dias;PAGO;576.96;Rafael T.;21/08/2025;06/05/2025
557;Gilson Fontes Filho;000.000.557-60;(11) 92633-7191;1395.62;64;61-90 dias;PENDENTE;0.0;Ana Lima;07/01/2025;
558;Mateus Gomes;000.000.558-40;(92) 92392-4314;3844.31;163;90+ dias;PAGO;3844.31;Ana Lima;05/03/2025;06/10/2025
559;Rafael Souza Neto;000.000.559-21;(41) 99381-7804;19141.2;5;0-30 dias;PENDENTE;0.0;Ana Lima;02/01/2026;
560;Graciele Sampaio;000.000.560-65;(41) 94678-2666;912.84;42;31-60 dias;PENDENTE;0.0;Beatriz K.;21/06/2025;
561;Leandro Pinto;000.000.561-46;(51) 95940-5702;1424.94;125;90+ dias;PAGO;1424.94;Rafael T.;18/03/2025;23/04/2026
562;Vanessa Teixeira;000.000.562-27;(62) 98318-8838;2868.01;33;31-60 dias;PENDENTE;0.0;Diego R.;11/09/2025;
563;Ermando Leite;000.000.563-08;(67) 96463-3264;1233.88;51;31-60 dias;PAGO;1233.88;Beatriz K.;04/08/2025;02/01/2026
564;Salvador Borba;000.000.564-99;(81) 92429-4853;1105.67;31;31-60 dias;NEGOCIANDO;454.94;Fernanda S.;13/03/2025;
565;Célia Braga;000.000.565-70;(81) 94452-4679;1496.74;106;90+ dias;QUEBRADO;546.46;Diego R.;07/02/2025;
566;Natália Mendes Neto;000.000.566-50;(51) 92294-5014;610.12;3;0-30 dias;PENDENTE;0.0;Diego R.;22/06/2025;
567;Carlos Eduardo Santos;000.000.567-31;(51) 91983-1526;4541.72;20;0-30 dias;PAGO;4541.72;Fernanda S.;14/09/2025;20/10/2025
568;Marcos Rocha;000.000.568-12;(61) 95453-2506;4353.75;43;31-60 dias;PAGO;4353.75;Diego R.;28/08/2025;21/12/2025
569;Adriana Campos;000.000.569-01;(62) 97233-3700;758.86;56;31-60 dias;PAGO;758.86;Ana Lima;05/10/2025;25/03/2025
570;Camila Rodrigues;000.000.570-37;(11) 96064-4075;5420.74;18;0-30 dias;PAGO;5420.74;Ana Lima;08/06/2025;17/02/2025
571;Eronildo Bezerra;000.000.571-18;(62) 99195-4192;1494.52;136;90+ dias;NEGOCIANDO;239.23;Diego R.;28/10/2025;
572;Ermando Leite;000.000.572-07;(21) 95753-3641;6310.78;101;90+ dias;NEGOCIANDO;1037.61;Beatriz K.;14/09/2025;
573;Ivone Brito;000.000.573-80;(92) 98331-3149;1032.53;170;90+ dias;PENDENTE;0.0;Carlos M.;08/02/2025;
574;Quesia Dantas;000.000.574-60;(47) 92595-1244;1947.21;55;31-60 dias;EM ATRASO;0.0;Ana Lima;24/03/2025;
575;Rodrigo Machado;000.000.575-41;(98) 92461-2165;1104.54;53;31-60 dias;PAGO;1104.54;Ana Lima;07/09/2025;19/10/2025
576;Rosangela Tavares;000.000.576-22;(62) 97701-3113;16601.02;170;90+ dias;QUEBRADO;5781.23;Ana Lima;26/11/2025;
577;Wellington Moura;000.000.577-03;(11) 93532-2725;4329.34;43;31-60 dias;PENDENTE;0.0;Ana Lima;27/08/2025;
578;Juliana Pereira;000.000.578-94;(41) 97503-8096;1993.94;43;31-60 dias;PAGO;1993.94;Carlos M.;29/08/2025;21/03/2025
579;Renato Vieira;000.000.579-75;(21) 97230-2022;662.82;146;90+ dias;PAGO;662.82;Carlos M.;12/02/2025;01/04/2025
580;Camila Rodrigues;000.000.580-09;(31) 95887-8396;741.06;77;61-90 dias;NEGOCIANDO;122.88;Diego R.;28/06/2025;
581;Ermando Leite;000.000.581-90;(61) 98156-6811;7362.68;140;90+ dias;PAGO;7362.68;Rafael T.;11/01/2026;07/12/2025
582;Adriana Campos;000.000.582-70;(51) 99182-6184;7929.43;56;31-60 dias;PENDENTE;0.0;Ana Lima;24/10/2025;
583;Mariana Costa;000.000.583-51;(71) 97884-9947;656.6;25;0-30 dias;PENDENTE;0.0;Fernanda S.;04/06/2025;
584;Dilma Fonseca;000.000.584-32;(41) 99177-8471;7844.42;136;90+ dias;PENDENTE;0.0;Beatriz K.;11/10/2025;
585;Natália Mendes;000.000.585-13;(62) 95669-8167;1840.0;170;90+ dias;PAGO;1840.0;Ana Lima;30/07/2025;23/04/2026
586;Aurélio Bastos;000.000.586-02;(41) 98276-9247;1015.09;56;31-60 dias;PENDENTE;0.0;Fernanda S.;05/03/2025;
587;Valdeci Nogueira;000.000.587-85;(62) 91124-7138;3844.38;38;31-60 dias;PAGO;3844.38;Ana Lima;01/08/2025;11/04/2026
588;Carlos Eduardo Santos Neto;000.000.588-66;(48) 96201-6490;14686.4;74;61-90 dias;PENDENTE;0.0;Diego R.;22/11/2025;
589;Tatiane Cardoso;000.000.589-47;(92) 99475-3595;1373.45;38;31-60 dias;PENDENTE;0.0;Carlos M.;15/06/2025;
590;Thiago Nascimento;000.000.590-80;(11) 93507-1455;6405.01;78;61-90 dias;PAGO;6405.01;Fernanda S.;24/04/2025;01/12/2025
591;Simone Correia;000.000.591-61;(81) 97194-5267;5830.32;101;90+ dias;PENDENTE;0.0;Carlos M.;24/02/2025;
592;Claudia Andrade;000.000.592-42;(61) 92520-2267;1134.76;58;31-60 dias;QUEBRADO;283.81;Rafael T.;10/06/2025;
593;Elias Medeiros;000.000.593-23;(61) 95894-1166;37137.43;82;61-90 dias;PENDENTE;0.0;Carlos M.;03/01/2025;
594;Ivone Brito;000.000.594-04;(41) 94159-1484;667.72;77;61-90 dias;PAGO;667.72;Fernanda S.;06/03/2025;21/12/2025
595;Rodrigo Machado;000.000.595-95;(31) 96710-5822;12251.58;54;31-60 dias;QUEBRADO;5938.94;Beatriz K.;22/02/2025;
596;Paulo Henrique Lima;000.000.596-76;(71) 98992-8101;5737.47;74;61-90 dias;PENDENTE;0.0;Ana Lima;20/11/2025;
597;Elias Medeiros;000.000.597-57;(21) 99378-5146;1396.67;168;90+ dias;PAGO;1396.67;Fernanda S.;06/04/2025;09/02/2026
598;Wellington Moura Neto;000.000.598-38;(98) 93376-6151;4792.26;4;0-30 dias;PENDENTE;0.0;Carlos M.;05/11/2025;
599;Jailson Cavalcante;000.000.599-19;(85) 92225-7909;636.86;131;90+ dias;PAGO;636.86;Beatriz K.;29/03/2025;20/08/2025
600;Gustavo Borges;000.000.600-97;(81) 91348-5670;22307.93;164;90+ dias;EM ATRASO;0.0;Fernanda S.;21/01/2025;
